Unique_Sample_ID,Time_place_of_CBC_analysis,Genotype,Princeton/NIH_Tag,CageID,Parents,Age,Location,Notes,Infection_Status,Block,WBC_count,Neu_count,Lym_count,Mon_count,Eos_count,Bas_count,Neu_percent,Lym_percent,Mon_percent,Eos_percent,Bas_percent,RBC_count,HGB (g/dL),HCT (%),MCV (fL),MCH (pg),MCHC (g/dL),RDW-CV (%),MPV (fL)
7051_U_NIH_C57_Lab,NIH,C57,401,12,G571,5,SF,,N,1,6.86,0.63,5.7,0.26,0.19,0.08,9.2,83.1,3.7,2.8,1.2,9.34,15.1,41.5,44.5,16.2,36.5,17.9,5
7051_U_2 weeks_C57_SF,2 weeks,C57,401,12,G571,9,SF,,N,1,3.61,0.57,2.79,0.08,0.13,0.04,15.8,77.2,2.2,3.7,1.1,10,16,44.5,44.5,16,35.9,15.7,5.7
7050_NIH_C57_Lab,NIH,C57,402,12,G571,5,SF,,N,1,7.13,0.86,5.87,0.15,0.17,0.08,12.1,82.3,2.1,2.4,1.1,8.19,13.6,37.2,45.4,16.6,36.6,17,4.9
7050_2 weeks_C57_SF,2 weeks,C57,402,12,G571,9,SF,,N,1,2.54,0.6,1.15,0.26,0.52,0.01,23.4,45.2,10.4,20.4,0.6,6.54,10.4,29.8,45.5,15.9,34.9,17.1,6.2
7050_5 weeks _C57_SF,5 weeks,C57,402,12,G571,12,SF,,N,1,3.49,0.79,2.46,0.13,0.09,0.02,22.5,70.3,3.8,2.7,0.7,10.47,16.6,46,43.9,15.8,36,15.8,5
7052_NIH_C57_Lab,NIH,C57,403,12,G571,5,Lab,,N,1,7.98,0.84,6.41,0.23,0.42,0.08,10.5,80.4,2.8,5.3,1,9.13,15.1,41,44.9,16.5,36.8,20.2,5
7052_2 weeks_C57_Lab,2 weeks,C57,403,12,G571,9,Lab,,N,1,8.17,1.76,6.11,0.13,0.14,0.03,21.5,74.8,1.6,1.7,0.4,9.84,15.7,42.2,42.9,16,37.2,14.8,5.6
7052_5 weeks _C57_Lab,5 weeks,C57,403,12,G571,12,Lab,,N,1,2.9,0.58,2.2,0.04,0.07,0.01,19.9,75.9,1.4,2.2,0.6,10.09,15.5,43.3,42.9,15.4,35.9,14.5,5.4
7044_U_NIH_C57_Lab,NIH,C57,404,12,G571,5,Lab,,N,1,5.2,0.96,4.04,0.08,0.1,0.02,18.4,77.7,1.6,1.8,0.5,6.99,11.7,32.1,45.9,16.8,36.6,16.6,5.3
7044_U_2 weeks_C57_Lab,2 weeks,C57,404,12,G571,9,Lab,,N,1,11.78,3.57,7.93,0.13,0.1,0.05,30.3,67.4,1,0.8,0.5,9.55,15.1,40.9,42.8,15.8,36.9,12.5,5.2
7044_U_5 weeks _C57_Lab,5 weeks,C57,404,12,G571,12,Lab,,Tm,1,2.43,0.31,2,0.08,0.03,0.01,12.7,82.2,3.3,1.3,0.5,10.22,15.5,43.1,42.1,15.2,36,13.5,4.7
7021_NIH_C57_Lab,NIH,C57,405,13,G549,6,Lab,,N,1,6.06,0.64,5.17,0.05,0.14,0.06,10.6,85.3,0.9,2.2,1,10,16,44.7,44.7,16,35.8,17.6,5.2
7021_2 weeks_C57_Lab,2 weeks,C57,405,13,G549,10,Lab,,N,1,8.76,3.26,5.16,0.18,0.11,0.05,37.1,58.9,2.1,1.3,0.6,10.34,15.9,44.1,42.6,15.4,36,12.4,5.3
7021_5 weeks _C57_Lab,5 weeks,C57,405,13,G549,13,Lab,,N,1,2.79,0.38,2.25,0.08,0.05,0.03,13.4,80.6,3.1,1.8,1.1,9.87,15.2,42.4,42.9,15.4,35.8,13.5,5.2
7030_NIH_C57_Lab,NIH,C57,406,13,G551,6,SF,,N,1,3.46,0.48,2.72,0.06,0.19,0.01,13.7,78.6,1.8,5.4,0.5,3.03,5.1,14.4,47.4,16.7,35.2,15.8,5.4
7030_2 weeks_C57_SF,2 weeks,C57,406,13,G551,10,SF,,N,1,3.31,0.97,1.67,0.12,0.54,0.01,29.3,50.2,3.6,16.4,0.5,10.88,17.5,47.8,44,16.1,36.5,15.4,5.4
7030_5 weeks _C57_SF,5 weeks,C57,406,13,G551,13,SF,,Tm,1,3.34,0.92,1.59,0.24,0.54,0.05,27.5,47.4,7.3,16.3,1.5,8.85,14.9,40.1,45.3,16.8,37.2,16,6
7023_NIH_C57_Lab,NIH,C57,407,13,G549,6,SF,,N,1,8.24,1.15,6.67,0.13,0.22,0.07,14,80.9,1.6,2.6,0.9,9.28,14.9,41.1,44.3,16.1,36.4,18.6,5.1
7023_2 weeks_C57_SF,2 weeks,C57,407,13,G549,10,SF,,N,1,3.33,0.92,1.43,0.13,0.8,0.05,27.5,43,4.1,23.9,1.5,10.8,16.6,45.8,42.4,15.4,36.4,16.1,5.5
7023_5 weeks _C57_SF,5 weeks,C57,407,13,G549,13,SF,,Tm,1,1.68,0.38,1.23,0.04,0.01,0.02,22.6,72.7,1.9,1.1,1.7,11.23,16.6,47.4,42.3,14.8,35.1,17.4,5.5
7031_U_NIH_C57_Lab,NIH,C57,7031_U,13,G551,6,,,N,1,7.64,1,6.2,0.21,0.13,0.1,13.1,81.1,2.7,1.8,1.3,8.42,14.2,38.6,45.9,16.9,36.8,15.3,4.9
7031_U_2 weeks_C57_SF,2 weeks,C57,408,13,,10,SF,,N,1,2.5,0.76,1.12,0.27,0.33,0.02,30.4,44.8,10.7,13.2,0.9,10.68,16.9,45.9,42.9,15.8,36.9,14.9,5.6
7031_U_5 weeks _C57_SF,5 weeks,C57,408,13,,13,SF,,N,1,1.6,0.48,1.08,0.02,0.01,0.01,29.6,67.5,1.3,0.9,0.7,10.71,17.3,47.8,44.6,16.2,36.3,15.9,5.4
7022_U_NIH_C57_Lab,NIH,C57,7022_U,13,G549,6,,,N,1,5.17,0.89,4,0.09,0.16,0.03,17.2,77.2,1.8,3.2,0.6,9.94,16,44.1,44.4,16.1,36.2,17.3,5
7022_U_2 weeks_C57_Lab,2 weeks,C57,409,13,,10,Lab,,N,1,7.31,1.47,5.39,0.15,0.26,0.04,20.1,73.7,2.1,3.5,0.6,10.92,16.6,45.9,42,15.2,36.2,16.2,6.1
7022_U_5 weeks _C57_Lab,5 weeks,C57,409,13,,13,Lab,,Tm,1,3.98,0.65,2.36,0.31,0.63,0.03,16.4,59.3,7.7,15.8,0.8,10.07,15.7,42.1,41.8,15.6,37.4,15.8,4.1
7032_NIH_C57_Lab,NIH,C57,410,14,G552,6,Lab,,N,1,10.67,1.06,9.08,0.24,0.21,0.08,10,85.1,2.2,1.9,0.8,9.66,15.7,44,45.6,16.3,35.7,17.7,5
7032_2 weeks_C57_Lab,2 weeks,C57,410,14,G552,10,Lab,,N,1,9.85,1.69,7.47,0.17,0.46,0.06,17.2,75.9,1.7,4.6,0.6,10.61,16.7,44.3,41.7,15.8,37.8,12.5,5.4
7032_5 weeks _C57_Lab,5 weeks,C57,410,14,G552,13,Lab,,Tm,1,3.82,1.88,1.74,0.05,0.12,0.03,49.2,45.6,1.2,3,1,10.08,15.7,42.7,42.3,15.5,36.7,14.1,5.4
7033_U_NIH_C57_Lab,NIH,C57,7033_U,14,G552,6,,,N,1,6.78,0.75,5.59,0.29,0.12,0.03,11,82.4,4.4,1.7,0.5,7.34,11.8,33.7,45.9,16.1,35.2,17.7,5.2
7033_U_2 weeks_C57_SF,2 weeks,C57,411,14,,10,SF,,N,1,3.95,1.3,2.43,0.06,0.15,0.01,32.9,61.4,1.5,3.8,0.4,10.16,15.9,45,44.3,15.7,35.5,16.1,5.4
7033_U_5 weeks _C57_SF,5 weeks,C57,411,14,,13,SF,,Tm,1,1.24,0.21,0.92,0.06,0.04,0.01,16.4,73.9,4.9,3.9,0.9,10.71,16.9,47.6,44.4,15.8,35.6,16.8,5.3
7035_U_NIH_C57_Lab,NIH,C57,7035_U,14,G552,6,,,N,1,9.19,0.83,7.8,0.13,0.36,0.07,9.1,84.9,1.5,3.8,0.7,8.81,14.9,40.1,45.5,16.9,37.2,16.8,4.9
7035_U_2 weeks_C57_SF,2 weeks,C57,412,14,,10,SF,,N,1,2.99,0.93,1.22,0.1,0.7,0.04,31.1,40.5,3.5,23.5,1.4,11.01,17.2,48.4,44,15.6,35.5,14.6,5.6
7035_U_5 weeks _C57_SF,5 weeks,C57,412,14,,13,SF,,N,1,3.61,0.97,2.43,0.11,0.08,0.02,26.6,67.1,3.3,2.3,0.7,10.49,16.6,46.7,44.5,15.8,35.6,15.6,5.3
7040_U_NIH_C57_Lab,NIH,C57,7040_U,14,G578,6,,,N,1,7.37,0.74,6.11,0.14,0.34,0.04,10,82.8,1.9,4.7,0.6,9.46,15.3,42.6,45.1,16.2,36,23.9,5
7040_U_2 weeks_C57_SF,2 weeks,C57,413,14,,10,SF,,N,1,2.5,0.44,1.85,0.04,0.14,0.03,17.4,73.7,1.9,5.8,1.2,10.45,16.4,45.6,43.6,15.7,35.9,15.9,5.8
7040_U_5 weeks _C57_SF,5 weeks,C57,413,14,,13,SF,,Tm,1,2.25,0.81,1.33,0.05,0.03,0.03,36,58.8,1.9,1.6,1.7,11,17.2,47.2,42.9,15.6,36.4,16.5,5.4
7041_U_NIH_C57_Lab,NIH,C57,7041_U,14,G578,6,,,N,1,9.36,0.95,7.71,0.18,0.4,0.12,10.1,82.4,2,4.2,1.3,9.43,15.1,43.3,46,16.1,35,18.4,5
7041_U_2 weeks_C57_Lab,2 weeks,C57,477,14,,10,Lab,,N,1,8.06,2.37,5.42,0.08,0.08,0.11,29.4,67.3,1,1,1.3,10.5,16,44,41.9,15.2,36.4,13.4,5.4
7041_U_5 weeks _C57_Lab,5 weeks,C57,477,14,,13,Lab,,N,1,4.38,0.51,2.99,0.16,0.69,0.03,11.6,68.1,3.8,15.7,0.8,9.9,15.3,41.6,42,15.5,36.9,14.9,4.6
7028_NIH_C57_Lab,NIH,C57,415,15,G567,6,SF,,N,1,8.5,0.61,7.01,0.21,0.61,0.06,7.1,82.5,2.5,7.2,0.7,8.83,14.5,40.7,46.2,16.5,35.6,17.2,5.3
7028_2 weeks_C57_SF,2 weeks,C57,415,15,G567,10,SF,,N,1,2.88,0.64,1.91,0.12,0.19,0.02,22,66,4.4,6.8,0.8,11.18,17.6,48.9,43.8,15.8,36,14.9,5.5
7028_5 weeks _C57_SF,5 weeks,C57,415,15,G567,13,SF,,N,1,3.28,1.03,2.02,0.19,0.03,0.01,31.4,61.5,5.7,0.9,0.5,10.56,16.7,46.4,43.9,15.8,36.1,15.5,5.2
7024_NIH_C57_Lab,NIH,C57,416,15,G567,6,SF,,N,1,4.9,0.58,3.7,0.2,0.38,0.04,11.7,75.5,4.2,7.8,0.8,8.98,15.2,41.3,46.1,16.9,36.7,16.2,5
7024_2 weeks_C57_SF,2 weeks,C57,416,15,G567,10,SF,,N,1,3.11,0.73,2.15,0.07,0.13,0.03,23.3,68.9,2.5,4.3,1,10.62,17,48,45.2,16,35.3,17.3,5.6
7024_5 weeks _C57_SF,5 weeks,C57,416,15,G567,13,SF,,Tm,1,2.19,1,1,0.07,0.07,0.05,45.3,45.7,3.4,3.4,2.2,9.81,15.4,42.8,43.7,15.7,35.9,16.4,5.3
7025_NIH_C57_Lab,NIH,C57,417,15,G567,6,Lab,,N,1,7.05,1.54,4.75,0.2,0.5,0.06,21.8,67.4,2.9,7,0.9,9.19,15.3,42.5,46.2,16.6,35.9,15.3,5.1
7025_2 weeks_C57_Lab,2 weeks,C57,417,15,G567,10,Lab,,N,1,9.19,2.85,6.08,0.09,0.09,0.08,31,66.1,0.9,1.1,0.9,10.1,15.9,43.5,43.1,15.7,36.5,12.2,6.1
7025_5 weeks _C57_Lab,5 weeks,C57,417,15,G567,13,Lab,,N,1,4.9,0.69,3.98,0.12,0.09,0.02,14.1,81.2,2.2,2,0.5,9.89,15.6,43,43.5,15.8,36.3,13.3,4.9
7029_NIH_C57_Lab,NIH,C57,418,15,G567,6,SF,,N,1,7.25,2.28,4.42,0.17,0.32,0.06,31.5,61,2.3,4.3,0.9,8.49,14.2,39.1,46.1,16.7,36.3,18.2,5.6
7029_2 weeks_C57_SF,2 weeks,C57,418,15,G567,10,SF,,N,1,4.72,1.53,2.72,0.13,0.31,0.03,32.5,57.5,2.7,6.6,0.7,10.46,17,46.3,44.2,16.3,36.8,14.8,5.6
7027_NIH_C57_Lab,NIH,C57,419,15,G567,6,Lab,,N,1,8.61,0.77,6.87,0.44,0.42,0.11,8.9,79.8,5.2,4.8,1.3,8.75,14.6,40.8,46.6,16.7,35.8,17,5.5
7027_2 weeks_C57_Lab,2 weeks,C57,419,15,G567,10,Lab,,N,1,6.36,1.89,4.22,0.11,0.09,0.05,29.7,66.3,1.7,1.5,0.8,10.44,16.4,44.6,42.7,15.7,36.9,11.9,5.7
7027_5 weeks _C57_Lab,5 weeks,C57,419,15,G567,13,Lab,,Tm,1,1.67,0.32,1.22,0.06,0.04,0.03,19,72.7,3.9,2.6,1.8,9.98,15.5,42.1,42.2,15.6,36.9,13.9,5.1
7042_NIH_C57_Lab,NIH,C57,420,16,G578,6,Lab,,N,1,8.64,1.23,6.61,0.16,0.55,0.09,14.3,76.5,1.9,6.2,1.1,9.32,15.1,41.8,44.8,16.2,36.2,20.7,5.3
7042_2 weeks_C57_Lab,2 weeks,C57,420,16,G578,10,Lab,,N,1,11.02,2.06,8.58,0.11,0.19,0.08,18.7,77.9,1,1.6,0.8,10.11,15.7,42.5,42.1,15.6,37,12.6,5.6
7042_5 weeks _C57_Lab,5 weeks,C57,420,16,G578,13,Lab,,Tm,1,3.25,0.33,2.74,0.1,0.05,0.03,10.2,84.2,3.2,1.5,0.9,10.2,15.5,42.8,42,15.2,36.2,14.7,4.8
7043_NIH_C57_Lab,NIH,C57,421,16,G571,5,SF,,N,1,9.63,0.81,8.03,0.33,0.39,0.07,8.4,83.4,3.4,4.1,0.7,8.59,13.7,37.5,43.7,16,36.6,22.7,4.8
7043_2 weeks_C57_SF,2 weeks,C57,421,16,G571,9,SF,,N,1,3.77,0.7,2.69,0.21,0.15,0.02,18.6,71.2,5.5,4,0.7,9.68,15.6,42.1,43.5,16.1,36.9,14.2,5.4
7043_5 weeks _C57_SF,5 weeks,C57,421,16,G571,12,SF,,N,1,2.45,0.7,1.5,0.15,0.09,0.01,28.4,61.2,6,3.7,0.7,10.62,16.8,47.6,44.8,15.8,35.3,15.6,5.2
7039_NIH_C57_Lab,NIH,C57,422,16,G578,6,Lab,,N,1,9.64,1.13,7.49,0.31,0.59,0.12,11.8,77.7,3.2,6,1.3,9.27,15.1,42.6,46,16.3,35.4,14.8,5.3
7039_2 weeks_C57_Lab,2 weeks,C57,422,16,G578,10,Lab,,N,1,8.59,3.31,5,0.1,0.13,0.05,38.6,58.3,1.1,1.5,0.5,10.47,16.3,44.5,42.5,15.6,36.6,12,5.5
7039_5 weeks _C57_Lab,5 weeks,C57,422,16,G578,13,Lab,,N,1,4.14,1.5,2.47,0.04,0.11,0.02,36.2,59.7,0.8,2.6,0.7,9.95,15.4,42.7,42.9,15.5,36.1,13.1,5.1
7036_NIH_C57_Lab,NIH,C57,423,16,G578,6,SF,,N,1,6.47,0.61,5.43,0.14,0.23,0.06,9.4,83.9,2.2,3.5,1,9.32,15.3,42.7,45.8,16.4,35.8,16.6,4.9
7036_2 weeks_C57_SF,2 weeks,C57,423,16,G578,10,SF,,N,1,4.03,1.95,1.88,0.04,0.13,0.03,48.4,46.6,1,3.1,0.9,11.17,17.4,47.7,42.7,15.6,36.4,15.3,6.1
7036_5 weeks _C57_SF,5 weeks,C57,423,16,G578,13,SF,,Tm,1,1.35,0.32,0.93,0.07,0.02,0.01,23.7,68.4,5,2,0.9,10.76,16.9,47,43.6,15.7,36.1,16.7,5.2
7037_NIH_C57_Lab,NIH,C57,424,16,G578,6,SF,,N,1,7.91,0.88,6.51,0.13,0.33,0.06,11.2,82.3,1.6,4.2,0.7,8.46,14,38.8,45.9,16.6,36.1,17,5.4
7037_2 weeks_C57_SF,2 weeks,C57,424,16,G578,10,SF,,N,1,2.76,0.74,1.92,0.03,0.04,0.03,26.9,69.3,1.3,1.3,1.2,9.94,15.6,44,44.3,15.7,35.5,17,5.8
7037_5 weeks _C57_SF,5 weeks,C57,424,16,G578,13,SF,,Tm,1,3.14,0.78,2.02,0.18,0.1,0.06,24.7,64.4,5.6,3.3,2,10.75,17.1,47.4,44.1,15.9,36.1,17.3,5.4
7018_NIH_129_Lab,NIH,129,425,17,G429,7,SF,,N,1,8.08,0.75,6.92,0.18,0.21,0.02,9.3,85.7,2.2,2.6,0.2,9.6,16.2,45.7,47.6,16.9,35.5,14.4,4.5
7018_2 weeks_129_SF,2 weeks,129,425,17,G429,11,SF,,N,1,2.43,1.23,1.08,0.03,0.07,0.02,50.5,44.4,1.6,2.6,0.9,10.15,16.7,47.6,46.9,16.5,35.1,15.9,5.6
7018_5 weeks _129_SF,5 weeks,129,425,17,G429,14,SF,,Tm,1,1.8,1.07,0.62,0.08,0.01,0.02,59.1,34.3,4.5,0.9,1.2,11.59,19.3,55.5,47.9,16.7,34.8,16.5,4.7
7016_NIH_129_Lab,NIH,129,426,17,G460,6,Lab,,N,1,8.35,0.78,7.27,0.16,0.13,0.01,9.3,87.1,1.9,1.5,0.2,8.56,15,42.2,49.2,17.5,35.5,15.3,4.3
7016_2 weeks_129_Lab,2 weeks,129,426,17,G460,10,Lab,,N,1,12.14,2.53,9.26,0.08,0.23,0.04,20.8,76.3,0.7,1.9,0.3,10.78,17.3,49.1,45.6,16.1,35.3,13.5,5.4
7016_5 weeks _129_Lab,5 weeks,129,426,17,G460,13,Lab,,Tm,1,1.93,0.5,1.33,0.04,0.06,0,25.7,68.8,2.5,2.6,0.4,10.42,16.4,46.8,45,15.7,35,14.7,4
7017_NIH_129_Lab,NIH,129,427,17,G459,6,SF,,N,1,6.82,0.65,5.86,0.11,0.16,0.04,9.6,85.8,1.6,2.4,0.6,9.44,16.1,46,48.7,17,35,15.2,4.6
7017_5 weeks _129_SF,5 weeks,129,427,17,G459,13,SF,,N,1,2.42,0.55,1.58,0.07,0.2,0.02,22.4,65.3,2.9,8.5,0.9,10.31,17.2,48.8,47.3,16.7,35.3,16.3,4.4
7014_NIH_129_Lab,NIH,129,428,17,G460,6,Lab,,N,1,8.8,0.8,7.65,0.17,0.14,0.04,9.1,86.9,2,1.6,0.4,9.13,15.5,44.3,48.5,17,34.9,15.7,4.4
7014_2 weeks_129_Lab,2 weeks,129,428,17,G460,10,Lab,,N,1,8.15,0.63,6.95,0.09,0.47,0.01,7.7,85.3,1.1,5.7,0.2,8.06,13.2,37.5,46.6,16.4,35.2,14.2,5.5
7014_5 weeks _129_Lab,5 weeks,129,428,17,G460,13,Lab,,N,1,2.57,0.46,1.98,0.07,0.06,0,17.6,76.9,2.8,2.6,0.1,10.76,17,48.3,44.9,15.8,35.2,14.6,3.9
7015_NIH_129_Lab,NIH,129,429,17,G460,6,SF,,N,1,9.46,0.97,8.01,0.29,0.15,0.04,10.2,84.7,3.1,1.6,0.4,8.56,14.9,42,49,17.4,35.4,15.7,4.5
7015_2 weeks_129_SF,2 weeks,129,429,17,G460,10,SF,,N,1,2.22,0.59,1.28,0.03,0.3,0.02,26.5,57.5,1.4,13.4,1.2,9.85,16.2,46.1,46.8,16.5,35.2,15.5,5.6
7015_5 weeks _129_SF,5 weeks,129,429,17,G460,13,SF,,Tm,1,1.8,0.55,1.12,0.08,0.03,0.02,30.2,61.9,4.6,1.9,1.4,10.79,17.8,50.8,47.1,16.5,35,16.8,5
7020_NIH_129_Lab,NIH,129,430,18,G429,7,Lab,,N,1,6.88,1.22,4.51,0.09,1.02,0.04,17.6,65.6,1.3,14.9,0.6,9.7,17.1,46.4,47.9,17.6,36.8,16.6,5.4
7011_NIH_129_Lab,NIH,129,432,18,G454,6,SF,,N,1,6.44,1.51,4.69,0.05,0.16,0.03,23.5,72.7,0.9,2.5,0.4,9.47,16.4,45.6,48.1,17.3,36,16.3,5.2
7011_2 weeks_129_SF,2 weeks,129,432,18,G454,10,SF,,N,1,3.24,2.24,0.71,0.12,0.07,0.1,69,21.9,3.5,2.3,3.3,9.28,16,45,48.5,17.2,35.5,18.7,5.6
7012_NIH_129_Lab,NIH,129,433,18,G454,6,Lab,,N,1,7.51,1.28,5.95,0.08,0.16,0.04,17,79.2,1.1,2.2,0.5,9.51,16.4,45,47.4,17.2,36.4,16.1,4.7
7012_2 weeks_129_Lab,2 weeks,129,433,18,G454,10,Lab,,N,1,6.5,2.07,4.14,0.09,0.13,0.07,31.9,63.7,1.4,1.8,1.2,10,16.2,45.8,45.8,16.2,35.4,14.7,5.1
7012_5 weeks _129_Lab,5 weeks,129,433,18,G454,13,Lab,,Tm,1,2.84,0.71,2,0.04,0.08,0.01,24.8,70.2,1.5,3,0.5,10.4,16.7,47.3,45.5,16.1,35.3,15.4,4
7013_NIH_129_Lab,NIH,129,434,18,G454,6,Lab,,N,1,9.7,1.03,8.08,0.23,0.31,0.05,10.6,83.3,2.3,3.2,0.6,9.65,16.7,45.8,47.4,17.3,36.4,16.1,4.5
7013_2 weeks_129_Lab,2 weeks,129,434,18,G454,10,Lab,,N,1,5.83,1.07,4.44,0.08,0.22,0.02,18.3,76.1,1.5,3.7,0.4,10.38,17,47.7,46,16.4,35.7,14.5,5.2
7013_5 weeks _129_Lab,5 weeks,129,434,18,G454,13,Lab,,N,1,4.6,0.82,3.61,0.1,0.06,0.01,17.7,78.5,2.1,1.4,0.3,10.08,16.6,45.7,45.3,16.5,36.3,15.8,4.7
7006_NIH_129_Lab,NIH,129,435,19,G461,6,Lab,,N,1,8.28,0.82,7.14,0.21,0.09,0.02,9.9,86.2,2.5,1.1,0.3,8.78,15.1,42.8,48.8,17.2,35.2,16.1,4.6
7006_2 weeks_129_Lab,2 weeks,129,435,19,G461,10,Lab,,N,1,7.89,2.5,5.17,0.07,0.13,0.02,31.7,65.5,0.9,1.6,0.3,9.17,14.7,41.8,45.6,16,35.2,13.8,5.8
7006_5 weeks _129_Lab,5 weeks,129,435,19,G461,13,Lab,,N,1,2.55,0.58,1.85,0.04,0.07,0.01,22.8,72.3,1.7,2.8,0.4,9.96,15.8,44.9,45.1,15.9,35.2,14.8,4.1
7010_NIH_129_Lab,NIH,129,436,19,G430,7,SF,,N,1,5.05,0.46,4.41,0.09,0.08,0.01,9,87.4,1.7,1.6,0.3,7.14,12.7,34.8,48.8,17.8,36.6,17.2,5.1
7010_2 weeks_129_SF,2 weeks,129,436,19,G430,11,SF,,N,1,2.98,1.63,1.12,0.04,0.15,0.04,54.5,37.3,1.6,5.1,1.5,9.7,15.9,45.3,46.7,16.3,35,15.8,5.2
7010_5 weeks _129_SF,5 weeks,129,436,19,G430,14,SF,,N,1,2.22,0.74,1.12,0.21,0.13,0.02,33.2,50.3,9.6,5.9,1,11.05,18,51.9,47,16.3,34.6,17.2,4.8
7007_NIH_129_Lab,NIH,129,437,19,G461,6,SF,,N,1,7.7,1,6.3,0.23,0.13,0.04,13,81.8,2.9,1.8,0.5,8.38,14.8,41.1,49.1,17.7,36,14.8,4.6
7007_2 weeks_129_SF,2 weeks,129,437,19,G461,10,SF,,N,1,3.22,1.54,1.41,0.1,0.15,0.02,47.8,43.7,3.4,4.4,0.7,9.31,15.4,44,47.2,16.6,35,15,5.4
7007_5 weeks _129_SF,5 weeks,129,437,19,G461,13,SF,,Tm,1,1.19,0.38,0.69,0.03,0.07,0.02,32.1,57.6,2.5,6.1,1.7,9.25,16,45.2,48.9,17.3,35.3,15.8,4.8
7009_NIH_129_Lab,NIH,129,438,19,G430,7,Lab,,N,1,7.79,0.76,6.73,0.11,0.15,0.04,9.7,86.4,1.4,2,0.5,9.48,16.1,45.5,48,17,35.3,16.3,4.8
7009_2 weeks_129_Lab,2 weeks,129,438,19,G430,11,Lab,,N,1,11.48,2.79,8.33,0.11,0.21,0.04,24.4,72.6,0.9,1.8,0.3,10.58,16.8,47.6,45,15.9,35.3,13.9,5.7
7009_5 weeks _129_Lab,5 weeks,129,438,19,G430,14,Lab,,Tm,1,2.59,0.45,1.92,0.08,0.13,0.01,17.2,74.1,3.2,5.1,0.4,10.45,16.6,46.7,44.7,15.9,35.5,14.7,4
7008_NIH_129_Lab,NIH,129,439,19,G461,6,SF,,N,1,8.32,0.94,6.91,0.25,0.18,0.04,11.3,83.1,3,2.1,0.5,8.51,14.7,41.9,49.2,17.2,35,15.8,4.5
7008_2 weeks_129_SF,2 weeks,129,439,19,G461,10,SF,,N,1,3.79,2.09,1.57,0.03,0.08,0.02,55,41.4,0.8,2.2,0.6,10.85,17.6,50.4,46.5,16.2,34.8,14.9,5.7
7002_NIH_129_Lab,NIH,129,440,20,G457,6,Lab,,N,1,6.51,0.67,5.46,0.12,0.23,0.03,10.3,83.9,1.9,3.4,0.5,9.95,16.9,46.8,47,17,36.2,16.2,4.5
7002_2 weeks_129_Lab,2 weeks,129,440,20,G457,10,Lab,,N,1,5.8,2.47,3.13,0.06,0.12,0.02,42.5,53.9,1.1,2.2,0.3,10.03,16.3,46,45.9,16.3,35.5,14.3,6
7002_5 weeks _129_Lab,5 weeks,129,440,20,G457,13,Lab,,Tm,1,2.82,0.48,2.26,0.03,0.05,0,17,80,1.3,1.6,0.1,10.29,15.9,45.9,44.6,15.4,34.6,14.3,3.8
7003_NIH_129_Lab,NIH,129,441,20,G459,6,SF,,N,1,6.26,0.78,5.2,0.1,0.15,0.03,12.4,83,1.7,2.4,0.5,9.83,16.7,46.7,47.5,17,35.8,15.5,4.4
7003_5 weeks _129_SF,5 weeks,129,441,20,G459,13,SF,,N,1,2.71,1.01,1.56,0.06,0.07,0.01,37.1,57.4,2.4,2.6,0.5,10.57,17.8,49.4,46.8,16.8,36,15.6,4.3
7005_NIH_129_Lab,NIH,129,478,20,G456,6,Lab,,N,1,7.27,1,5.78,0.14,0.29,0.06,13.8,79.5,1.9,3.9,0.9,9.88,17.3,47.9,48.5,17.5,36.2,15.8,4.6
7005_2 weeks_129_Lab,2 weeks,129,478,20,G456,10,Lab,,N,1,6.11,1.66,4.23,0.06,0.12,0.04,27.2,69.3,0.9,1.9,0.7,10.17,16.7,47.5,46.7,16.4,35.2,14.4,5.1
7005_5 weeks _129_Lab,5 weeks,129,478,20,G456,13,Lab,,N,1,3.3,0.47,2.73,0.06,0.02,0.02,14.1,82.5,1.9,0.7,0.8,10.8,17.1,48.7,45.1,15.8,35.1,14.4,4.1
7001_NIH_129_Lab,NIH,129,475,20,G457,6,SF,,N,1,7.42,0.53,6.52,0.18,0.16,0.03,7.1,87.8,2.4,2.2,0.5,9.48,16.6,46.1,48.6,17.5,36,15.9,4.4
7001_5 weeks _129_SF,5 weeks,129,475,20,G457,13,SF,,N,1,1.9,0.74,0.98,0.14,0.04,0,38.5,51.3,7.8,2.2,0.2,9.19,15.6,44.4,48.3,16.9,35.1,15.7,4.7
7055_NIH_129_Lab,NIH,129,445,21,G430,3,Lab,,N,1,5.66,1.36,4.15,0.05,0.07,0.03,24.1,73.3,0.9,1.1,0.6,8.85,16,44.2,49.9,18.1,36.2,18.9,5.1
7055_2 weeks_129_Lab,2 weeks,129,445,21,G430,8,Lab,,N,1,9.88,2.07,7.32,0.1,0.36,0.03,20.9,74.1,1,3.7,0.3,10.45,17.1,48.7,46.7,16.4,35.1,15,5.6
7055_5 weeks _129_Lab,5 weeks,129,445,21,G430,10,Lab,,N,1,2.87,0.52,2.19,0.08,0.06,0.02,18.2,76.1,2.8,2.2,0.7,10.43,16.8,48.1,46.1,16.1,34.9,14.1,4
7054_NIH_129_Lab,NIH,129,446,21,G430,3,SF,,N,1,6.23,1.68,4.35,0.05,0.12,0.03,26.9,69.7,0.9,1.9,0.6,8.29,15.1,41.2,49.7,18.2,36.6,19.6,5
7054_2 weeks_129_SF,2 weeks,129,446,21,G430,7,SF,,N,1,5.27,1.8,2.67,0.14,0.63,0.03,34.1,50.6,2.8,12,0.5,10.23,17.2,48.6,47.5,16.8,35.5,15.9,5.4
7054_5 weeks _129_SF,5 weeks,129,446,21,G430,10,SF,,N,1,4.78,1.61,1.8,0.65,0.69,0.03,33.6,37.6,13.7,14.5,0.6,9.88,17.1,48,48.6,17.3,35.6,18.3,4.9
7053_NIH_129_Lab,NIH,129,447,21,G430,3,Lab,,N,1,5.63,1.92,3.57,0.05,0.07,0.02,34.1,63.4,0.8,1.3,0.4,9.06,16.5,45.1,49.7,18.2,36.5,19.4,5.1
7053_2 weeks_129_Lab,2 weeks,129,447,21,G430,8,Lab,,N,1,7.85,1.06,6.16,0.12,0.46,0.05,13.4,78.5,1.6,5.9,0.6,10.59,17.5,49.4,46.7,16.5,35.3,14.9,5.1
7053_5 weeks _129_Lab,5 weeks,129,447,21,G430,10,Lab,,Tm,1,3.75,0.64,2.67,0.1,0.33,0.01,17,71,2.7,8.9,0.4,10.3,16.8,48.2,46.8,16.3,34.9,14.4,4.2
673_NIH_129_Lab,NIH,129,448,21,G455,4,SF,,N,1,6.48,0.74,5.47,0.1,0.12,0.05,11.4,84.4,1.6,1.8,0.8,9.55,17.1,47.7,50,17.9,35.8,15.1,4.3
673_2 weeks_129_SF,2 weeks,129,448,21,G455,8,SF,,N,1,2.97,0.93,1.53,0.12,0.37,0.02,31.2,51.3,4,12.6,0.9,10.05,17.5,48,47.8,17.4,36.4,16,5.5
673_5 weeks _129_SF,5 weeks,129,448,21,G455,11,SF,,Tm,1,2.03,0.47,1.31,0.14,0.1,0.01,22.8,64.6,6.8,5.3,0.5,10.91,18.1,51.1,46.9,16.6,35.4,15.3,4.4
7056_NIH_129_Lab,NIH,129,476,21,G430,3,SF,,N,1,5.81,1.8,3.84,0.09,0.06,0.02,31,66.1,1.5,1,0.4,8.75,15.8,44,50.3,18,35.9,21.2,4.9
7056_2 weeks_129_SF,2 weeks,129,476,21,G430,7,SF,,N,1,2.64,1.16,1.34,0.08,0.04,0.02,43.9,50.6,2.9,1.6,1,10.01,16.6,47.7,47.7,16.6,34.8,16.5,5.3
7056_5 weeks _129_SF,5 weeks,129,476,21,G430,10,SF,,Tm,1,1.64,0.6,0.94,0.06,0.02,0.02,36.7,56.9,3.8,1.4,1.2,10.84,18.1,51.2,47.2,16.7,35.4,16.5,4.6
728_NIH_PWK_Lab,NIH,PWK,450,22,G652,4,SF,,N,1,6.28,1,4.71,0.24,0.26,0.07,15.9,75,3.9,4.1,1.1,8.59,14.7,41.7,48.6,17.1,35.3,21.2,5.7
728_2 weeks_PWK_SF,2 weeks,PWK,450,22,G652,9,SF,,N,1,3.82,1.72,1.75,0.12,0.17,0.06,44.9,45.7,3.3,4.6,1.5,10.77,17.2,49.9,46.3,16,34.5,13.6,14.1
728_5 weeks _PWK_SF,5 weeks,PWK,450,22,G652,12,SF,,N,1,2.95,1.51,1.15,0.19,0.07,0.03,51.1,38.9,6.6,2.4,1,9.84,16.5,45.6,46.3,16.8,36.3,13.9,5.6
729_NIH_PWK_Lab,NIH,PWK,451,22,G652,4,Lab,,N,1,5.29,0.82,4.06,0.26,0.08,0.07,15.5,76.6,5.1,1.5,1.3,9.06,15.3,43.4,47.9,16.9,35.3,20.6,5.6
729_2 weeks_PWK_Lab,2 weeks,PWK,451,22,G652,9,Lab,,N,1,7.33,2.3,4.68,0.15,0.11,0.09,31.3,63.9,2,1.5,1.3,10.36,16.7,46.3,44.7,16.1,36.1,13,5.9
729_5 weeks _PWK_Lab,5 weeks,PWK,451,22,G652,12,Lab,,Tm,1,3.38,1.69,1.52,0.09,0.04,0.04,49.8,44.9,2.6,1.4,1.3,10.26,15.3,43.1,42,15,35.6,19,5.6
727_NIH_PWK_Lab,NIH,PWK,452,22,G652,4,SF,,N,1,5.25,0.95,3.84,0.15,0.24,0.07,18.1,73.1,2.8,4.6,1.4,7.81,13.4,38.3,49.1,17.2,35,19.3,5.9
727_2 weeks_PWK_SF,2 weeks,PWK,452,22,G652,9,SF,,N,1,2.68,1.37,1.1,0.04,0.12,0.05,51.1,41,1.7,4.2,2,11.02,17.5,50.7,46,15.8,34.5,13.6,14.3
727_5 weeks _PWK_SF,5 weeks,PWK,452,22,G652,12,SF,,Tm,1,3.56,2.1,1.07,0.18,0.15,0.06,58.8,30.2,5.1,4.2,1.7,10.21,16.7,47,46,16.4,35.5,14.6,5.4
730_NIH_PWK_Lab,NIH,PWK,453,22,G652,4,SF,,N,1,3.71,0.57,2.87,0.19,0.06,0.02,15.2,77.3,5,1.8,0.7,8.55,14.7,41.6,48.6,17.2,35.3,21.9,5.6
730_2 weeks_PWK_SF,2 weeks,PWK,453,22,G652,9,SF,,N,1,4.83,2.06,2.41,0.14,0.2,0.02,42.7,49.9,2.9,4,0.5,10.92,17.6,51.1,46.8,16.1,34.3,13.7,5.8
730_5 weeks _PWK_SF,5 weeks,PWK,453,22,G652,12,SF,,Tm,1,2.4,1.39,0.75,0.15,0.08,0.03,57.9,31.2,6.1,3.6,1.2,9.83,16.3,45.2,46,16.6,36,13.2,5.7
726_NIH_PWK_Lab,NIH,PWK,454,22,G652,4,Lab,,N,1,4.68,0.71,3.64,0.2,0.09,0.04,15.1,77.6,4.2,2.1,1,8.89,14.9,42.3,47.6,16.7,35.2,20.6,5.4
726_2 weeks_PWK_Lab,2 weeks,PWK,454,22,G652,9,Lab,,N,1,5.71,1.15,4.22,0.11,0.16,0.07,20.1,73.8,2.1,2.7,1.3,10.42,16.9,47,45.1,16.2,35.9,13.2,14.5
726_5 weeks _PWK_Lab,5 weeks,PWK,454,22,G652,12,Lab,,N,1,2.56,0.8,1.46,0.15,0.12,0.03,31,57.1,5.7,5,1.2,9.6,15.8,43.8,45.7,16.4,36,12.9,4.8
731_NIH_PWK_Lab,NIH,PWK,455,23,G550,5,Lab,,N,1,2.31,0.92,1.29,0.05,0.04,0.01,39.5,55.7,2.1,2,0.7,9.36,15.7,44.1,47.1,16.8,35.6,21,5.4
731_2 weeks_PWK_Lab,2 weeks,PWK,455,23,G550,9,Lab,,N,1,4.71,0.9,3.55,0.13,0.1,0.03,19,75.3,2.8,2.2,0.7,10.51,17.1,48,45.7,16.3,35.7,13.2,13.5
731_5 weeks _PWK_Lab,5 weeks,PWK,455,23,G550,12,Lab,,Tm,1,2.11,1.1,0.91,0.01,0.06,0.03,52.1,42.9,0.7,2.5,1.8,9.33,15.2,42.3,45.3,16.3,35.9,13.9,5.7
733_NIH_PWK_Lab,NIH,PWK,456,23,G550,5,Lab,,N,1,3.85,1.22,2.37,0.1,0.13,0.03,31.5,61.5,2.7,3.3,1,8.32,14.1,40,48,16.9,35.2,20.4,5.7
733_2 weeks_PWK_Lab,2 weeks,PWK,456,23,G550,9,Lab,,N,1,7.38,2.27,4.52,0.25,0.19,0.15,30.8,61.2,3.5,2.5,2,9.77,16.2,43.7,44.7,16.6,37.1,14.2,12.9
733_5 weeks _PWK_Lab,5 weeks,PWK,456,23,G550,12,Lab,,N,1,3.34,1.21,1.55,0.36,0.18,0.04,36.2,46.3,10.8,5.4,1.3,7.46,11.9,33.6,45,16,35.5,13.6,12.9
735_NIH_PWK_Lab,NIH,PWK,457,23,G651,5,SF,,N,1,5.05,1.87,2.83,0.18,0.14,0.03,37,55.9,3.6,2.8,0.7,9.49,15.8,44.5,46.9,16.6,35.4,20.2,6.2
735_2 weeks_PWK_SF,2 weeks,PWK,457,23,G651,9,SF,,N,1,1.99,0.86,0.94,0.04,0.13,0.02,43.2,46.9,2.2,6.5,1.2,10.22,16.2,47.5,46.4,15.9,34.2,13.5,14.2
732_NIH_PWK_Lab,NIH,PWK,458,23,G550,5,SF,,N,1,2.84,1.04,1.62,0.12,0.05,0.01,36.6,56.8,4.2,2,0.4,9.53,15.9,44.9,47.1,16.7,35.4,19.4,5.9
734_NIH_PWK_Lab,NIH,PWK,459,23,G550,5,SF,,N,1,3.37,1.18,1.96,0.12,0.09,0.02,35.1,58.1,3.5,2.7,0.6,8.83,14.9,41.8,47.4,16.9,35.7,20.6,6
734_2 weeks_PWK_Lab,2 weeks,PWK,459,23,G550,9,SF,,N,1,3.27,2.02,1.11,0.06,0.05,0.03,61.8,33.9,1.6,1.6,1.1,10.89,17,49.9,45.8,15.6,34,12.9,14.3
734_5 weeks _PWK_SF,5 weeks,PWK,459,23,G550,12,SF,,N,1,3.17,1.11,1.3,0.57,0.17,0.02,34.8,41,17.8,5.6,0.8,10.34,17.1,46.6,45.1,16.5,36.6,14.3,5.5
672_NIH_PWK_Lab,NIH,PWK,460,24,G647,5,Lab,,N,1,2.86,0.56,2.01,0.15,0.12,0.02,19.5,70.3,5.2,4.2,0.8,6.21,11.4,30,48.3,18.3,37.9,24.2,5.7
672_2 weeks_PWK_Lab,2 weeks,PWK,460,24,G647,9,Lab,,N,1,3.41,0.83,2.41,0.04,0.09,0.04,24.3,70.6,1.4,2.5,1.2,9.9,16.5,46.1,46.6,16.7,35.7,13.6,14.2
672_5 weeks _PWK_Lab,5 weeks,PWK,460,24,G647,12,Lab,,Tm,1,2.4,0.61,1.27,0.29,0.22,0.01,25.5,52.6,12.1,9.2,0.6,9.15,15.1,41.9,45.8,16.5,36,12.7,4.9
669_NIH_PWK_Lab,NIH,PWK,461,24,G644,5,Lab,,N,1,1.41,0.26,1.04,0.06,0.05,0,18.2,73.5,4.2,4,0.1,3.38,6.2,16.4,48.6,18.2,37.5,19.8,5.9
669_2 weeks_PWK_Lab,2 weeks,PWK,461,24,G644,9,Lab,,N,1,4.09,0.89,2.98,0.08,0.08,0.06,21.8,72.7,2,2,1.5,10.44,17.1,47.8,45.8,16.4,35.7,13.8,13.9
669_5 weeks _PWK_Lab,5 weeks,PWK,461,24,G644,12,Lab,,N,1,2.55,1.02,1.46,0.02,0.03,0.02,39.9,57,0.8,1.5,0.8,9.87,16.4,45.2,45.8,16.6,36.4,12.7,5.5
670_NIH_PWK_Lab,NIH,PWK,462,24,G644,5,SF,,N,1,3.68,0.76,2.7,0.1,0.1,0.02,20.4,73.4,2.7,2.7,0.8,8.5,14.2,40.6,47.8,16.7,35,22.1,5.8
736_NIH_PWK_Lab,NIH,PWK,463,24,G651,5,SF,,N,1,5.1,0.89,3.82,0.25,0.11,0.03,17.3,74.8,5,2.2,0.7,8.06,13.7,39.2,48.6,17,34.9,21.9,5.7
736_2 weeks_PWK_SF,2 weeks,PWK,463,24,G651,9,SF,,N,1,3.84,2.21,1.37,0.1,0.14,0.02,57.6,35.6,2.6,3.5,0.7,10.91,17.5,51,46.7,16.1,34.4,13.7,6.1
671_NIH_PWK_Lab,NIH,PWK,464,24,G644,5,SF,,N,1,4.16,0.69,3.29,0.08,0.07,0.03,16.6,78.9,2.1,1.7,0.7,7.81,13.2,37.5,48,16.9,35.2,22.2,5.9
671_2 weeks_PWK_SF,2 weeks,PWK,464,24,G644,9,SF,,N,1,3.7,1.55,1.83,0.11,0.15,0.06,41.6,49.3,3.2,4.2,1.7,10.04,16.4,46.9,46.8,16.3,34.9,14.9,5.9
663_NIH_PWK_Lab,NIH,PWK,465,25,G646,5,SF,,N,1,5.11,0.89,3.94,0.15,0.05,0.08,17.3,77.1,2.9,1.1,1.6,10.52,16.7,47.9,45.5,15.9,34.8,21.6,5.5
663_2 weeks_PWK_SF,2 weeks,PWK,465,25,G646,9,SF,,N,1,5.44,3.66,1.46,0.15,0.12,0.05,67.2,26.7,2.9,2.3,0.9,11,17.4,50,45.4,15.9,34.9,13,5.8
663_5 weeks _PWK_SF,5 weeks,PWK,465,25,G646,12,SF,,N,1,2.84,1.56,1.13,0.06,0.07,0.02,54.9,39.5,2.3,2.4,0.9,9.89,16.6,46,46.5,16.8,36.1,13.8,5.6
660_NIH_PWK_Lab,NIH,PWK,466,25,G645,5,SF,,N,1,4.66,0.92,3.35,0.24,0.12,0.03,19.7,71.8,5,2.7,0.8,8.3,14.4,39.8,47.9,17.4,36.3,20.1,5.9
660_2 weeks_PWK_SF,2 weeks,PWK,466,25,G645,9,SF,,N,1,4.39,2.35,1.6,0.14,0.24,0.06,53.5,36.5,3.2,5.3,1.5,10.66,17,49.2,46.2,16,34.6,13.8,5.7
660_5 weeks _PWK_SF,5 weeks,PWK,466,25,G645,12,SF,,Tm,1,3.73,1.7,1.48,0.35,0.18,0.02,45.5,39.7,9.2,5,0.6,10.09,16.9,46.7,46.3,16.8,36.2,13.5,5.8
662_NIH_PWK_Lab,NIH,PWK,467,25,G645,5,Lab,,N,1,5.17,0.83,4.07,0.16,0.09,0.02,15.9,78.7,3,1.9,0.5,7.94,13,37.3,47,16.3,34.7,23,6
662_2 weeks_PWK_Lab,2 weeks,PWK,467,25,G645,9,Lab,,N,1,6.97,1.57,4.85,0.21,0.29,0.05,22.5,69.6,3.1,4,0.8,9.3,15.2,42,45.2,16.3,36.1,14.3,13.2
662_5 weeks _PWK_Lab,5 weeks,PWK,467,25,G645,12,Lab,,Tm,1,5.52,3.74,1.57,0.09,0.07,0.05,67.6,28.5,1.7,1.3,0.9,9.23,14.9,41.8,45.3,16.2,35.8,12.8,5.5
661_NIH_PWK_Lab,NIH,PWK,468,25,G645,5,Lab,,N,1,4.99,0.89,3.86,0.14,0.05,0.05,17.8,77.3,2.9,1,1,8.9,15,43.2,48.5,16.8,34.7,22.6,5.9
661_2 weeks_PWK_Lab,2 weeks,PWK,468,25,G645,9,Lab,,N,1,4.5,0.75,3.41,0.07,0.21,0.06,16.6,75.7,1.6,4.7,1.4,10.11,16.8,46.3,45.8,16.6,36.2,13.6,13.7
661_5 weeks _PWK_Lab,5 weeks,PWK,468,25,G645,12,Lab,,N,1,1.98,0.46,1.2,0.24,0.06,0.02,23.2,60.6,11.7,3.4,1.1,9.96,16.4,45.4,45.6,16.5,36.2,12.4,5.3
659_NIH_PWK_Lab,NIH,PWK,469,25,G645,5,SF,,N,1,4.94,3.35,1.23,0.13,0.17,0.06,67.7,24.9,2.8,3.3,1.3,9.47,15.9,44,46.4,16.8,36.2,14.4,5.6
659_2 weeks_PWK_SF,2 weeks,PWK,469,25,G645,9,SF,,N,1,3.64,2.19,1.27,0.08,0.03,0.07,60.1,34.9,2.1,1,1.9,10.69,16.6,48.7,45.6,15.6,34.2,15,12.4
659_5 weeks _PWK_SF,5 weeks,PWK,469,25,G645,12,SF,,Tm,1,4.47,0.71,3.39,0.16,0.18,0.03,15.8,75.9,3.6,3.9,0.8,7.78,13.2,37.5,48.2,16.9,35.1,21.8,5.8
667_NIH_PWK_Lab,NIH,PWK,470,26,G647,5,Lab,,N,1,4.73,0.75,3.73,0.15,0.06,0.04,15.9,78.8,3,1.4,0.9,8.71,14.2,40.2,46.2,16.3,35.3,21,5.5
667_2 weeks_PWK_Lab,2 weeks,PWK,470,26,G647,9,Lab,,N,1,3.71,0.55,3.04,0.04,0.05,0.03,14.8,81.8,1.1,1.4,0.9,9.86,16.1,44.6,45.2,16.4,36.2,13.5,14.3
667_5 weeks _PWK_Lab,5 weeks,PWK,470,26,G647,12,Lab,,Tm,1,2.19,1.09,1.04,0.03,0.02,0.01,49.4,47.2,1.6,1.3,0.5,10.3,16.2,45.5,44.2,15.7,35.6,13.4,5.4
666_NIH_PWK_Lab,NIH,PWK,471,26,G649,5,SF,,N,1,4.21,0.62,3.37,0.12,0.08,0.02,14.6,79.9,3,2,0.5,9.04,15,42.6,47.2,16.6,35.2,20.4,5.6
666_2 weeks_PWK_SF,2 weeks,PWK,471,26,G649,9,SF,,N,1,5.44,2.5,2.3,0.14,0.45,0.05,45.9,42.2,2.7,8.2,1,9.63,15.1,44.8,46.5,15.6,33.6,13.7,5.7
666_5 weeks _PWK_SF,5 weeks,PWK,471,26,G649,12,SF,,N,1,1.1,0.28,0.41,0.09,0.32,0,25.7,36.7,8.4,28.9,0.3,5.4,8.8,25.3,46.8,16.4,35,13.1,5.4
0664_U_NIH_PWK_Lab,NIH,PWK,0664_U,26,G647,5,,,N,1,5.78,0.91,4.42,0.18,0.21,0.06,15.8,76.4,3.1,3.6,1.1,9.29,15.2,42.7,46,16.4,35.6,20.5,5.5
0664_U_2 weeks_PWK_Lab,2 weeks,PWK,0664_U,26,G647,9,,,N,1,4.22,0.6,3.36,0.06,0.17,0.03,14.2,79.6,1.4,3.9,0.9,9.87,16.5,45,45.6,16.7,36.7,13.4,13.6
0664_U_5 weeks _PWK_Lab,5 weeks,PWK,0664_U,26,G647,12,,,N,1,4.34,2.21,1.85,0.12,0.1,0.06,50.9,42.6,2.7,2.3,1.5,10.18,16.5,46.2,45.4,16.2,35.6,14.2,5.6
0668_U_NIH_PWK_Lab,NIH,PWK,0668_U,26,G647,5,,,N,1,1.37,0.24,1.06,0.05,0.02,0,17.2,77.1,3.7,1.8,0.2,5.4,8.9,26.5,49,16.5,33.6,21.8,5.6
0668_U_2 weeks_PWK_SF,2 weeks,PWK,0668_U,26,G647,9,,,N,1,2.95,1.49,1.26,0.03,0.14,0.03,50.4,42.6,1.3,4.6,1.1,11.27,17.8,51.7,45.9,15.8,34.5,13.7,5.6
665_NIH_PWK_Lab,NIH,PWK,474,26,G649,5,SF,,N,1,6.67,1.23,4.97,0.29,0.12,0.06,18.5,74.5,4.2,1.8,1,8.57,14.1,40.1,46.8,16.5,35.2,20.8,5.7
665_2 weeks_PWK_SF,2 weeks,PWK,474,26,G649,9,SF,,N,1,1.82,0.8,0.9,0.03,0.08,0.01,43.5,49.2,2.1,4.5,0.7,10.9,17.6,50.2,46.1,16.1,35,13.7,13.9
665_5 weeks _PWK_SF,5 weeks,PWK,474,26,G649,12,SF,,Tm,1,1.62,0.88,0.57,0.09,0.06,0.02,54.1,35.1,5.2,4.2,1.4,10.43,17.5,48.3,46.3,16.7,36.1,13.5,5.5
271_NIH_Lab_N,NIH,C57,271,28,G565,7,Lab,,N,2,8.25,3.17,4.8,0.11,0.13,0.04,38.5,58.2,1.3,1.5,0.5,9.88,16.3,47.4,48,16.5,34.3,15.7,4.5
271_2 weeks_Lab_N,2 weeks,C57,271,28,G565,11,Lab,,N,2,11.57,3.65,7.56,0.18,0.1,0.08,31.6,65.4,1.4,0.9,0.7,10.08,15.9,42.3,42,15.7,37.5,12.7,5.4
271_5 weeks_Lab_N,5 weeks,C57,271,28,G565,14,Lab,,N,2,2.85,0.2,2.48,0.04,0.12,0.01,7,86.9,1.5,4.3,0.3,9.96,15.6,42.6,42.8,15.7,36.7,13.1,5
275_NIH_Lab_N,NIH,C57,275,28,G570,7,SF,,N,2,4.37,0.28,3.82,0.1,0.16,0.01,6.4,87.4,2.1,3.7,0.4,8.8,15,44,50,17,34,16.6,5.6
275_2 weeks_SF_N,2 weeks,C57,275,28,G570,11,SF,,N,2,2.44,1.22,1.19,0.01,0.01,0.01,49.9,48.5,0.4,0.5,0.7,10.36,16.2,44.8,43.2,15.6,36.1,14,6.2
275_5 weeks_SF_N,5 weeks,C57,275,28,G570,14,SF,,N,2,3.48,0.35,2.97,0.06,0.07,0.03,9.9,85.2,1.8,2,1.1,10.25,16.5,46,44.8,16.1,35.8,14.3,5.9
274_NIH_Lab_N,NIH,C57,274,28,G570,7,SF,,N,2,6.5,1.54,4.57,0.14,0.23,0.02,23.6,70.2,2.1,3.7,0.4,9.37,15.8,44.9,47.9,16.9,35.3,16.4,4.7
274_5 weeks_SF_N,5 weeks,C57,274,28,G570,14,SF,,N,2,3.68,0.86,2.49,0.02,0.29,0.02,23.4,67.7,0.7,7.7,0.5,10.91,17.3,48.9,44.8,15.9,35.4,14.5,5.3
273_NIH_Lab_Tm,NIH,C57,273,28,G570,7,SF,,Tm,2,7.41,1.58,5.4,0.16,0.22,0.05,21.4,72.8,2.2,2.9,0.7,8.79,15.3,43,48.9,17.5,35.7,15.6,4.8
273_2 weeks_SF_Tm,2 weeks,C57,273,28,G570,11,SF,,Tm,2,4.28,1.64,2.34,0.06,0.2,0.04,38.2,54.6,1.5,4.7,1,10.06,16.2,45.4,45.2,16.1,35.7,15.6,5.5
273_5 weeks_SF_Tm,5 weeks,C57,273,28,G570,14,SF,,Tm,2,1.08,0.32,0.65,0.04,0.05,0.02,29.2,59.6,3.7,4.8,2.7,9.4,15.3,43.2,46,16.3,35.4,15.5,10.9
272_NIH_Lab_Tm,NIH,C57,272,28,G570,7,Lab,Spit out some eggs,Tm,2,2.88,0.15,2.59,0.04,0.09,0.01,5,89.8,1.7,3.1,0.4,10.07,16.5,49,48.6,16.4,33.6,15.1,5.4
272_2 weeks_Lab_Tm,2 weeks,C57,272,28,G570,11,Lab,Spit out some eggs,Tm,2,10.06,1.89,7.79,0.16,0.14,0.08,18.8,77.4,1.6,1.4,0.8,9.99,15.3,41.8,41.8,15.3,36.6,13,5.2
272_5 weeks_Lab_Tm,5 weeks,C57,272,28,G570,14,Lab,Spit out some eggs,Tm,2,1.68,0.24,1.37,0.01,0.04,0.02,14,81.5,0.7,2.1,1.7,9.97,15.1,41.7,41.8,15.1,36.2,12.9,5.1
288_NIH_Lab_Tm,NIH,C57,288,25,G576,6,SF,Mites,Tm,2,10.38,2.17,7.81,0.16,0.19,0.05,20.9,75.2,1.6,1.8,0.5,7.93,13.5,38.5,48.5,17,35,22.1,5.6
288_2 weeks_SF_Tm,2 weeks,C57,288,25,G576,10,SF,Mites,Tm,2,2.18,0.65,1.3,0.14,0.07,0.02,29.6,59.7,6,3.5,1.2,11.17,17.2,47.9,42.8,15.4,36,13.4,5.3
288_5 weeks_SF_Tm,5 weeks,C57,288,25,G576,13,SF,Mites,Tm,2,2.96,1.18,1.4,0.05,0.29,0.04,39.8,47.2,1.8,9.8,1.4,10.53,16.8,47.9,45.5,16,35.2,14.9,5.4
286_NIH_Lab_Tm,NIH,C57,286,25,G576,6,Lab,Mites,Tm,2,8.46,0.97,6.8,0.18,0.48,0.03,11.5,80.4,2.1,5.6,0.4,7.15,12.4,35.3,49.4,17.4,35.2,19.2,4.7
286_2 weeks_Lab_Tm,2 weeks,C57,286,25,G576,11,Lab,Mites,Tm,2,9.66,3.3,5.9,0.15,0.16,0.15,34.2,61,1.6,1.7,1.5,10.39,16.5,43.8,42.1,15.9,37.8,12.1,5.8
286_5 weeks_Lab_Tm,5 weeks,C57,286,25,G576,13,Lab,Mites,Tm,2,2.45,0.61,1.21,0.04,0.56,0.03,24.9,49.3,1.9,22.7,1.2,9.51,14.4,40.2,42.2,15.1,35.8,13.3,5.1
287/269_NIH_Lab_N,NIH,C57,287,25,G576,6,SF,Mites,N,2,11.72,2.25,8.47,0.26,0.68,0.06,19.2,72.2,2.3,5.8,0.5,8.34,14.8,41.6,49.9,17.7,35.5,17.7,4.8
287/269_2 weeks_SF_N,2 weeks,C57,287,25,G576,10,SF,Mites,N,2,5.32,2.99,2.17,0.05,0.09,0.02,56.2,40.7,1,1.7,0.4,10.73,16.8,46.8,43.6,15.6,35.9,14.6,5.6
287/269_5 weeks_SF_N,5 weeks,C57,287,25,G576,14,SF,Mites,N,2,4.8,2.41,2.25,0.04,0.07,0.03,50.1,46.8,0.9,1.4,0.8,10.73,17.5,48.9,45.6,16.3,35.7,14.2,5.4
290_NIH_Lab_N,NIH,C57,290,25,G576,6,Lab,Mites,N,2,9.76,2.2,7.07,0.17,0.28,0.04,22.6,72.4,1.8,2.7,0.5,9.55,16.5,45.9,48.1,17.3,35.9,14.4,4.7
290_2 weeks_Lab_N,2 weeks,C57,290,25,G576,11,Lab,Mites,N,2,9.12,0.95,7.73,0.2,0.19,0.05,10.4,84.8,2.2,2.1,0.5,10.56,16.5,44.1,41.8,15.6,37.3,12.5,5.1
290_5 weeks_Lab_N,5 weeks,C57,290,25,G576,13,Lab,Mites,N,2,3.08,1.33,1.67,0.02,0.05,0.01,43.1,54.3,0.8,1.5,0.3,10.11,15.3,42.3,41.8,15.2,36.3,13.1,5
289_NIH_Lab_Tm,NIH,C57,289,25,G565,6,SF,Mites,Tm,2,8.52,1.88,6.13,0.19,0.28,0.04,22.1,71.9,2.2,3.4,0.4,9.71,16.5,46.5,47.9,17,35.5,14.1,4.6
289_2 weeks_SF_Tm,2 weeks,C57,289,25,G565,10,SF,Mites,Tm,2,4.54,2.17,2.16,0.08,0.1,0.03,47.8,47.5,1.7,2.2,0.8,10.4,16.5,44.1,42.4,15.9,37.5,14.5,5.7
289_5 weeks_SF_Tm,5 weeks,C57,289,25,G565,14,SF,Mites,Tm,2,5.71,2.32,3.01,0.05,0.26,0.07,40.5,52.7,0.9,4.6,1.3,10.95,17.5,49.4,45.1,16,35.4,14.8,5.6
279_NIH_Lab_Tm,NIH,C57,279,23,G569,6,Lab,,Tm,2,11.49,1.88,8.95,0.22,0.37,0.07,16.3,77.9,1.9,3.3,0.6,8.5,14.9,41.7,49,17.6,35.9,18.8,5
279_2 weeks_Lab_Tm,2 weeks,C57,279,23,G569,10,Lab,,Tm,2,14.4,2.81,10.64,0.51,0.22,0.22,19.5,73.9,3.6,1.5,1.5,9.73,15.1,41.7,42.8,15.6,36.3,13.2,11
279_5 weeks_Lab_Tm,5 weeks,C57,279,23,G569,13,Lab,,Tm,2,7.12,3.39,3.51,0.06,0.1,0.06,47.5,49.3,0.9,1.5,0.8,9.98,15.7,42.9,43,15.7,36.5,14.1,5.3
277/270_NIH_Lab_Tm,NIH,C57,277,23,G569,6,SF,,Tm,2,9.07,1.29,7.03,0.12,0.57,0.06,14.2,77.5,1.4,6.2,0.7,8.61,14.9,41.6,48.4,17.3,35.7,18.6,4.7
277/270_2 weeks_SF_Tm,2 weeks,C57,277,23,G569,10,SF,,Tm,2,3.26,1.66,1.49,0.05,0.03,0.03,50.7,45.6,1.6,1.1,1,10.92,17.1,46.3,42.4,15.7,36.9,13,5.6
277/270_5 weeks_SF_Tm,5 weeks,C57,277,23,G569,13,SF,,Tm,2,2.48,1.29,1.1,0.02,0.02,0.05,51.7,44.2,1.1,1,2,10.7,16.5,47.5,44.4,15.4,34.7,14.2,5.8
276_NIH_Lab_N,NIH,C57,276,23,G569,6,Lab,,N,2,12.63,1.99,9.59,0.35,0.63,0.07,15.8,75.9,2.8,5,0.5,8.62,15.1,41.9,48.7,17.5,36,17.5,5
276_2 weeks_Lab_N,2 weeks,C57,276,23,G569,10,Lab,,N,2,15.05,4.69,9.49,0.39,0.26,0.22,31.2,63,2.6,1.7,1.5,9.73,15.2,41.4,42.6,15.7,36.8,12.4,5.7
276_5 weeks_Lab_N,5 weeks,C57,276,23,G569,13,Lab,,N,2,2.15,0.23,1.81,0.02,0.08,0.01,10.5,83.9,1.1,4,0.5,10.23,15.4,43.1,42.1,15,35.7,13,5.5
280_NIH_Lab_N,NIH,C57,280,23,G569,6,SF,,N,2,11.41,0.88,9.51,0.29,0.68,0.05,7.7,83.4,2.6,5.9,0.4,8.43,14.8,40.9,48.5,17.5,36.1,19,5.5
280_2 weeks_SF_N,2 weeks,C57,280,23,G569,10,SF,,N,2,4.44,2.66,1.66,0.05,0.04,0.03,59.9,37.3,1.2,1,0.6,10.51,16.2,45,42.9,15.4,35.9,14.7,5.6
280_5 weeks_SF_N,5 weeks,C57,280,23,G569,13,SF,,N,2,5.33,2.02,3.24,0.02,0.02,0.03,37.8,60.7,0.4,0.5,0.6,10.2,16.4,46.3,45.4,16.1,35.4,14.8,5.8
278_NIH_Lab_Tm,NIH,C57,278,23,G569,6,SF,,Tm,2,10.49,0.64,9.34,0.12,0.35,0.04,6.1,89.1,1.1,3.3,0.4,8.34,14.8,40.6,48.8,17.8,36.5,20.4,6.2
278_2 weeks_SF_Tm,2 weeks,C57,278,23,G569,10,SF,,Tm,2,1.2,0.13,1.01,0.02,0.04,0,10.7,83.6,2.1,3.4,0.2,8.63,13.6,38.1,44.1,15.7,35.6,14.5,5.7
285_NIH_Lab_Tm,NIH,C57,285,24,G565,7,Lab,,Tm,2,12.14,1.59,9.09,0.33,1.08,0.05,13.2,74.8,2.7,8.9,0.4,8.26,14.7,40.7,49.3,17.8,36.2,18,4.5
285_2 weeks_Lab_Tm,2 weeks,C57,285,24,G565,11,Lab,,Tm,2,11.96,1.01,10.29,0.27,0.3,0.09,8.5,86,2.3,2.5,0.7,10.33,16.3,44.4,43,15.8,36.8,12.4,5.3
285_5 weeks_Lab_Tm,5 weeks,C57,285,24,G565,14,Lab,,Tm,2,2.84,0.8,1.7,0.03,0.28,0.03,27.8,59.8,1.2,9.9,1.3,9.77,15.2,40.9,41.9,15.5,37,13.3,5.6
281_NIH_Lab_N,NIH,C57,281,24,G565,7,Lab,,N,2,7.9,0.69,6.38,0.16,0.61,0.06,8.7,80.7,2,7.8,0.8,8.7,15.1,43.7,50.2,17.4,34.6,15.2,4.6
281/P286_2 weeks_Lab_N,2 weeks,C57,281/P286,24,G565,11,Lab,,N,2,7.5,0.77,6.26,0.23,0.21,0.03,10.2,83.5,3.1,2.8,0.4,8.72,13.9,37.4,42.8,15.9,37.1,12,5.1
281/P286_5 weeks_Lab_N,5 weeks,C57,281/P286,24,G565,14,Lab,,N,2,3.68,1.77,1.82,0.01,0.07,0.01,47.9,49.4,0.4,1.8,0.5,9.57,14.4,39.9,41.7,15,36,12.5,5.1
283_NIH_Lab_N,NIH,C57,283,24,G551,6,SF,,N,2,10.07,1.11,7.88,0.31,0.74,0.03,11,78.3,3.1,7.3,0.3,8.42,14.7,41.5,49.3,17.5,35.4,17.5,4.6
283_2 weeks_SF_N,2 weeks,C57,283,24,G551,10,SF,,N,2,2.41,0.97,1.2,0.09,0.14,0.01,40,49.7,4,5.8,0.5,10.4,16.4,44.4,42.7,15.8,37,13.3,5.7
283_5 weeks_SF_N,5 weeks,C57,283,24,G551,14,SF,,N,2,5.53,1.74,3.46,0.05,0.25,0.03,31.5,62.5,0.9,4.5,0.6,10.77,17.1,48.6,45.1,15.9,35.2,14.8,5.3
284_NIH_Lab_Tm,NIH,C57,284,24,G551,6,SF,,Tm,2,6.2,0.66,5.02,0.18,0.32,0.02,10.6,80.9,2.9,5.2,0.4,6.12,11,30.7,50.1,18,35.9,14.3,4.8
284_2 weeks_SF_Tm,2 weeks,C57,284,24,G551,10,SF,,Tm,2,3.28,1.73,1.36,0.05,0.13,0.01,52.5,41.3,1.6,4.1,0.5,10.33,16.4,44.1,42.7,15.9,37.2,13.8,5.4
284_5 weeks_SF_Tm,5 weeks,C57,284,24,G551,14,SF,,Tm,2,4.5,2.33,1.98,0.05,0.1,0.04,51.7,43.9,1.2,2.3,0.9,10.82,17.2,48.6,44.9,15.9,35.5,14.4,5.5
282_NIH_Lab_Tm,NIH,C57,282,24,G551,6,SF,,Tm,2,10.39,1.39,7.74,0.3,0.9,0.06,13.4,74.5,2.8,8.7,0.6,9.19,16.7,46.2,50.2,18.1,36.1,13.6,4.8
282_2 weeks_SF_Tm,2 weeks,C57,282,24,G551,10,SF,,Tm,2,2.44,1.26,0.91,0.2,0.06,0.01,51.4,37.3,8,2.7,0.6,10.9,16.9,46.4,42.6,15.5,36.3,13.8,5.9
282_5 weeks_SF_Tm,5 weeks,C57,282,24,G551,14,SF,,Tm,2,3.72,1.38,1.97,0.06,0.16,0.15,37.1,53,1.6,4.2,4.1,10.6,17.2,48.5,45.7,16.2,35.5,15.7,5.4
291_NIH_Lab_N,NIH,C57,291,26,G567,6,SF,Mites,N,2,8.61,0.86,7.17,0.16,0.38,0.04,10,83.3,1.8,4.4,0.5,8.52,15.5,42.7,50.1,18.2,36.3,13.4,4.6
291_2 weeks_SF_N,2 weeks,C57,291,26,G567,10,SF,Mites,N,2,2.53,1.28,1.1,0.07,0.07,0.01,50.6,43.1,3,2.8,0.5,10.2,16.3,43.6,42.8,16,37.4,14.8,5.7
291_5 weeks_SF_N,5 weeks,C57,291,26,G567,14,SF,Mites,N,2,3.79,1.2,2.53,0.02,0.01,0.03,31.7,66.7,0.5,0.5,0.6,10.48,16.8,47.5,45.3,16,35.4,15,5.7
295_NIH_Lab_Tm,NIH,C57,295,26,G567,6,Lab,Mites,Tm,2,9.69,1.05,7.93,0.21,0.44,0.06,10.8,81.8,2.2,4.5,0.7,9.48,16.4,46.9,49.4,17.3,35,13.8,4.5
295_2 weeks_Lab_Tm,2 weeks,C57,295,26,G567,11,Lab,Mites,Tm,2,14.93,3.76,10.39,0.38,0.25,0.15,25.2,69.6,2.5,1.7,1,9.76,15.5,41.4,42.5,15.9,37.4,12.8,5.6
295_5 weeks_Lab_Tm,5 weeks,C57,295,26,G567,13,Lab,Mites,Tm,2,2.37,0.35,1.77,0.11,0.1,0.04,14.5,74.5,4.9,4.3,1.8,9.6,15,41.3,43,15.7,36.4,13.1,5.6
293_NIH_Lab_N,NIH,C57,293,26,G565,7,Lab,Mites,N,2,8.5,1.44,6.13,0.22,0.68,0.03,17,72.2,2.6,7.9,0.3,8.75,15.7,43.3,49.5,18,36.3,13.5,4.7
293_2 weeks_Lab_N,2 weeks,C57,293,26,G565,11,Lab,Mites,N,2,8.62,1.2,7.08,0.11,0.17,0.06,13.9,82.1,1.3,2,0.7,10.44,16.3,44.1,42.2,15.6,36.9,12.7,11.4
293_5 weeks_Lab_N,5 weeks,C57,293,26,G565,14,Lab,Mites,N,2,2.23,0.29,1.77,0.04,0.13,0,12.8,79.2,2,5.7,0.3,9.6,15,40.9,42.5,15.6,36.8,12.7,5.1
292_NIH_SF_Tm,NIH,C57,292,26,G571,7,SF,Mites,Tm,2,11.01,0.89,9.22,0.14,0.71,0.05,8.1,83.7,1.3,6.5,0.4,8.55,14.6,42,49.1,17.1,34.9,18.7,5
292_2 weeks_Lab_Tm,2 weeks,C57,292,26,G571,11,SF,Mites,Tm,2,2.55,0.69,1.79,0.05,0.01,0.01,27,70,2,0.4,0.6,10.15,16,43.7,43,15.7,36.5,12.9,5.5
292_5 weeks_SF_Tm,5 weeks,C57,292,26,G571,14,SF,Mites,Tm,2,4.17,0.99,3.03,0.04,0.08,0.03,23.7,72.5,1,2.1,0.7,10.38,16.6,47.5,45.8,16,35,15.1,5.6
294_NIH_Lab_N,NIH,C57,294,26,G565,7,SF,Mites,N,2,10.11,1.22,7.92,0.34,0.57,0.06,12.1,78.3,3.4,5.6,0.6,8.07,13.9,40.5,50.1,17.2,34.3,17.3,4.9
294_5 weeks_SF_N,5 weeks,C57,294,26,G565,14,SF,Mites,N,2,4.36,2.22,2.04,0.02,0.03,0.05,50.8,46.8,0.5,0.8,1.1,10.75,17.6,49.2,45.8,16.4,35.7,14.9,5.6
296_NIH_Lab_N,NIH,C57,296,27,G562,7,Lab,,N,2,9.73,1.53,7.6,0.19,0.37,0.04,15.7,78.1,2,3.8,0.4,9.53,16.1,46.9,49.2,16.8,34.3,14.7,5.2
296_2 weeks_Lab_N,2 weeks,C57,296,27,G562,12,Lab,,N,2,13.48,4.68,8.42,0.1,0.14,0.14,34.7,62.4,0.7,1.1,1.1,10.49,16.2,44,42,15.5,36.8,13.1,5.8
296_5 weeks_Lab_N,5 weeks,C57,296,27,G562,15,Lab,,N,2,2.84,1.15,1.63,0.01,0.03,0.02,40.2,57.2,0.5,1.3,0.8,9.65,14.7,40.9,42.4,15.2,35.9,13,5.2
300_NIH_Lab_Tm,NIH,C57,300,27,G562,7,SF,,Tm,2,8.4,0.94,7.18,0.09,0.15,0.04,11.1,85.5,1.1,1.8,0.5,9.94,16.9,48.3,48.6,17,34.9,13.1,5.2
300_2 weeks_SF_Tm,2 weeks,C57,300,27,G562,12,SF,,Tm,2,2.88,0.91,1.32,0.24,0.41,0,31.5,45.8,8.4,14,0.3,10.1,16,43.7,43.2,15.8,36.6,15.3,5.6
300_5 weeks_SF_Tm,5 weeks,C57,300,27,G562,15,SF,,Tm,2,2.72,0.96,1.44,0.17,0.07,0.08,35.1,52.9,6.1,2.8,3.1,10.45,16.6,47.6,45.6,15.9,34.9,15.5,5.8
299_NIH_Lab_Tm,NIH,C57,299,27,G562,7,Lab,,Tm,2,9.14,2.34,6.33,0.16,0.27,0.04,25.6,69.2,1.8,2.9,0.5,9.85,16.8,47.8,48.5,17,35.1,14.2,4.6
299_2 weeks_Lab_Tm,2 weeks,C57,299,27,G562,12,Lab,,Tm,2,9.76,1.79,7.67,0.1,0.11,0.09,18.3,78.6,1,1.2,0.9,10.22,15.7,43,42.1,15.4,36.6,13.2,5.6
299_5 weeks_Lab_Tm,5 weeks,C57,299,27,G562,15,Lab,,Tm,2,2.68,0.64,1.65,0.09,0.25,0.05,23.8,61.3,3.5,9.5,1.9,10.33,15.9,43.7,42.3,15.4,36.4,14,5.2
298_NIH_Lab_N,NIH,C57,298,27,G562,7,SF,,N,2,8.44,1.69,6.34,0.17,0.2,0.04,20,75.1,2.1,2.3,0.5,10.28,17.1,49.7,48.3,16.7,34.5,13.8,5.1
298_2 weeks_SF_N,2 weeks,C57,298,27,G562,12,SF,,N,2,3.53,1.35,1.97,0.07,0.11,0.03,38.1,55.8,2.2,3,0.9,10.32,16.5,43.9,42.5,16,37.6,16.3,5.4
298_5 weeks_SF_N,5 weeks,C57,298,27,G562,15,SF,,N,2,4.31,2.47,1.71,0.02,0.03,0.08,57.3,39.6,0.6,0.8,1.7,10.83,17.4,48.7,45,16.1,35.8,14.3,5.5
297_NIH_Lab_Tm,NIH,C57,297,27,G562,7,SF,,Tm,2,9.62,2.65,6.61,0.14,0.18,0.04,27.5,68.7,1.5,1.9,0.4,9.51,15.7,46.1,48.5,16.6,34.1,16.6,5.1
297_2 weeks_SF_Tm,2 weeks,C57,297,27,G562,12,SF,,Tm,2,3.58,1.15,2.2,0.15,0.05,0.03,32.1,61.4,4.2,1.3,1,9.93,15.6,42.5,42.8,15.8,36.8,14.3,5.5
297_5 weeks_SF_Tm,5 weeks,C57,297,27,G562,15,SF,,Tm,2,4.26,2.23,1.92,0.02,0.06,0.03,52.3,45.1,0.5,1.4,0.7,10.6,16.8,47.3,44.6,15.9,35.5,14.4,5.9
108_NIH_Lab_N,NIH,129,108,19,G455,7,Lab,,N,2,10.79,2,8.32,0.31,0.14,0.02,18.5,77.1,2.9,1.3,0.2,10.12,17.7,49.7,49.1,17.5,35.7,14.7,4.9
105_NIH_Lab_N,NIH,129,105,19,G455,7,Lab,,N,2,5.53,0.89,4.28,0.16,0.17,0.03,16,77.3,3,3.1,0.6,10.29,18.1,49.9,48.5,17.6,36.4,14.3,5.1
105_2 weeks_Lab_N,2 weeks,129,105,19,G455,11,Lab,,N,2,5.1,0.61,4.28,0.05,0.14,0.02,12,83.9,1,2.6,0.5,10.11,16.6,46,45.5,16.5,36.1,15.1,5.4
105_5 weeks_Lab_N,5 weeks,129,105,19,G455,14,Lab,,N,2,1.96,0.73,1.12,0.01,0.1,0,37.1,57.1,0.7,4.7,0.4,10.63,16.8,48.8,45.9,15.8,34.4,14.8,4.4
106_NIH_Lab_Tm,NIH,129,106,19,G455,7,SF,,Tm,2,9.46,2.88,6.09,0.3,0.18,0.01,30.4,64.4,3.2,1.9,0.1,10.28,18.4,50.2,48.8,17.9,36.6,14.5,4.4
106_2 weeks_SF_Tm,2 weeks,129,106,19,G455,11,SF,,Tm,2,2.5,0.88,1.02,0.13,0.46,0.01,35.3,40.5,5.2,18.6,0.4,7.75,12.4,35.7,46,16,34.7,14.3,5.3
106_5 weeks_SF_Tm,5 weeks,129,106,19,G455,14,SF,,Tm,2,3.82,2.25,1.47,0.03,0.06,0.01,58.9,38.5,0.8,1.4,0.4,11.07,17.9,52.2,47.1,16.2,34.3,16,5.2
107_NIH_Lab_Tm,NIH,129,107,19,G459,7,Lab,,Tm,2,8.05,1.29,6.23,0.2,0.3,0.03,16,77.4,2.4,3.8,0.4,10.08,18.3,49.8,49.4,18.2,36.7,15,5.3
107_2 weeks_Lab_Tm,2 weeks,129,107,19,G459,11,Lab,,Tm,2,13.93,1.9,11.32,0.22,0.43,0.06,13.7,81.3,1.5,3.1,0.4,10.35,16.8,46.5,44.9,16.2,36.2,14.3,4.7
107_5 weeks_Lab_Tm,5 weeks,129,107,19,G459,14,Lab,,Tm,2,2.54,0.65,1.52,0.04,0.32,0.01,25.7,59.6,1.6,12.7,0.4,10.38,16.7,47.8,46,16.1,35,14.9,5.2
104/170_NIH_Lab_N,NIH,129,104,19,G459,7,SF,,N,2,7.54,2.24,4.95,0.13,0.2,0.02,29.7,65.6,1.7,2.8,0.2,10.19,17.9,49.7,48.8,17.6,36,14.4,4.6
104/170_2 weeks_SF_N,2 weeks,129,104,19,G459,11,SF,,N,2,1.51,0.34,1.06,0.03,0.07,0.01,22,69.6,2.3,4.9,1.2,8.8,14.4,40.3,45.8,16.3,35.7,15.8,5.3
104/170_5 weeks_SF_N,5 weeks,129,104,19,G459,14,SF,,N,2,1.51,0.7,0.7,0.01,0.08,0.02,45.9,46.3,1.1,5.4,1.3,10.67,17.8,50.1,47,16.7,35.5,16.8,5.5
112/125/117_NIH_Lab_Tm,NIH,129,117,21,G455,7,SF,,Tm,2,11.15,2.87,7.48,0.34,0.43,0.03,25.7,67.1,3.1,3.8,0.3,10.13,17.7,48.9,48.3,17.5,36.2,14.9,4.9
112/125/117_2 weeks_SF_Tm,2 weeks,129,117,21,G455,11,SF,,Tm,2,3.25,1.08,1.65,0.2,0.29,0.03,33.2,50.7,6.2,8.9,1,9.89,16.2,45.1,45.6,16.4,35.8,15.6,5.1
112/125/117_5 weeks_SF_Tm,5 weeks,129,117,21,G455,14,SF,,Tm,2,2.89,1.25,1.48,0.05,0.07,0.04,43.3,51,1.7,2.6,1.4,11.35,19.1,53.9,47.5,16.8,35.5,15,4.6
116_NIH_Lab_N,NIH,129,116,21,G455,7,Lab,,N,2,7.64,1.29,5.54,0.21,0.58,0.02,16.9,72.6,2.7,7.6,0.2,9.62,17.7,47,48.9,18.4,37.7,14.7,5
116_2 weeks_Lab_N,2 weeks,129,116,21,G455,11,Lab,,N,2,6.21,0.54,5.51,0.03,0.09,0.04,8.6,88.6,0.6,1.6,0.6,9.64,16.1,44.6,46.2,16.7,36.2,14.4,5.2
116_5 weeks_Lab_N,5 weeks,129,116,21,G455,14,Lab,,N,2,1.9,0.69,1.17,0.01,0.03,0,36,61.5,0.6,1.7,0.2,9.98,16.1,46.5,46.6,16.2,34.6,14.4,5.3
118_NIH_Lab_Tm,NIH,129,118,21,G455,7,SF,,Tm,2,11.77,1.76,9.01,0.41,0.56,0.03,14.9,76.5,3.5,4.8,0.3,9.62,17.7,46.5,48.3,18.3,38,14.3,4.4
118_2 weeks_SF_Tm,2 weeks,129,118,21,G455,11,SF,,Tm,2,1.96,0.72,0.94,0.09,0.19,0.02,36.6,47.7,5,9.7,1,9.89,16.1,45,45.5,16.3,35.8,15.4,5.3
118_5 weeks_SF_Tm,5 weeks,129,118,21,G455,14,SF,,Tm,2,3.96,2.14,1.66,0.05,0.08,0.03,53.9,41.8,1.3,2.1,0.9,11,17.9,51.1,46.5,16.3,35,15.6,4.8
115_NIH_Lab_Tm,NIH,129,115,21,G458,5,Lab,,Tm,2,8.81,1.18,6.8,0.32,0.46,0.05,13.4,77.2,3.6,5.3,0.5,9.44,17.3,47,49.8,18.3,36.8,15.8,4.7
115_2 weeks_Lab_Tm,2 weeks,129,115,21,G458,10,Lab,,Tm,2,5.41,0.58,4.56,0.06,0.17,0.04,10.6,84.3,1.2,3.2,0.7,9.87,16.3,45,45.6,16.5,36.2,14.5,6.4
115_5 weeks_Lab_Tm,5 weeks,129,115,21,G458,12,Lab,,Tm,2,1.65,0.37,0.86,0.01,0.41,0,22.2,51.9,0.8,24.8,0.3,9.86,15.8,45.8,46.5,16,34.5,14.8,4.2
114_NIH_Lab_N,NIH,129,114,21,G458,5,SF,,N,2,8,1.38,5.66,0.15,0.8,0.01,17.2,70.7,2,10,0.1,9.66,17.9,48.7,50.4,18.5,36.7,15.3,4.7
114_2 weeks_SF_N,2 weeks,129,114,21,G458,9,SF,,N,2,2.2,0.64,1.43,0.04,0.07,0.02,29.2,64.7,1.9,3.3,0.9,9.95,16.6,45.4,45.6,16.6,36.5,14.7,5.3
114_5 weeks_SF_N,5 weeks,129,114,21,G458,12,SF,,N,2,1.29,0.24,0.97,0.01,0.07,0,18.2,74.5,1.3,5.5,0.5,10.37,17.7,49.5,47.7,17.1,35.7,16.4,5.4
110_NIH_Lab_Tm,NIH,129,110,20,G430,6,SF,,Tm,2,14.02,2.52,10.87,0.28,0.32,0.03,18,77.5,2,2.3,0.2,10.02,18.2,49.6,49.5,18.2,36.7,15.6,5.2
110_2 weeks_SF_Tm,2 weeks,129,110,20,G430,10,SF,,Tm,2,3.66,1.65,1.66,0.13,0.2,0.02,44.9,45.4,3.5,5.6,0.6,9.77,16.2,45.1,46.2,16.6,36,15.9,6.2
110_5 weeks_SF_Tm,5 weeks,129,110,20,G430,13,SF,,Tm,2,2.98,1.44,1.46,0.02,0.04,0.02,48.1,49,0.9,1.2,0.8,11.15,18,51.9,46.5,16.1,34.6,16,5.3
113_NIH_Lab_N,NIH,129,113,20,G430,6,Lab,,N,2,7.3,2.29,4.54,0.16,0.3,0.01,31.3,62.2,2.2,4.2,0.1,10.07,17.8,49.5,49.2,17.7,36,15.3,4.3
113_2 weeks_Lab_N,2 weeks,129,113,20,G430,10,Lab,,N,2,3.66,0.17,3.42,0.02,0.04,0.01,4.6,93.4,0.7,1,0.3,9.51,15.4,43.3,45.6,16.2,35.5,13.4,5.8
113_5 weeks_Lab_N,5 weeks,129,113,20,G430,13,Lab,,N,2,1.5,0.5,0.94,0.01,0.05,0,33.3,62.4,1,2.8,0.5,10.59,16.7,49.1,46.4,15.8,34.1,14.6,6.1
111_NIH_Lab_N,NIH,129,111,20,G430,6,SF,,N,2,8.56,1.53,5.83,0.17,1.02,0.01,17.8,68,2,12,0.2,9.67,17.7,47.8,49.5,18.3,36.9,15.1,4.9
111_2 weeks_SF_N,2 weeks,129,111,20,G430,10,SF,,N,2,2.73,1.19,0.88,0.22,0.43,0.01,43.5,32.1,8.2,15.5,0.7,10.54,17.2,48,45.5,16.3,35.8,15,5.1
111_5 weeks_SF_N,5 weeks,129,111,20,G430,13,SF,,N,2,2.2,0.95,0.97,0.02,0.25,0.01,43.2,43.7,0.9,11.8,0.4,8.23,13.7,38.4,46.6,16.7,35.8,15.1,4.9
109/167_NIH_Lab_N,NIH,129,109,20,G430,6,Lab,,N,2,7.31,1.03,4.83,0.19,1.23,0.03,14.1,66.1,2.6,16.8,0.4,9.86,17.6,48.4,49,17.9,36.4,14.9,5.3
112_NIH_Lab_Tm,NIH,129,112,20,G429,5,Lab,,Tm,2,7.99,1.53,6.04,0.16,0.24,0.02,19.1,75.6,2.1,3,0.2,9.04,16.6,45.8,50.6,18.3,36.2,15.6,4.7
112_2 weeks_Lab_Tm,2 weeks,129,112,20,G429,9,Lab,,Tm,2,7.37,1.62,5.33,0.13,0.2,0.09,21.9,72.3,1.8,2.7,1.3,10.28,16.8,46.8,45.6,16.3,35.8,14.1,5.2
112_5 weeks_Lab_Tm,5 weeks,129,112,20,G429,12,Lab,,Tm,2,1.78,0.25,1.22,0.01,0.3,0,14,68.4,0.7,16.7,0.2,9.94,15.7,45.5,45.8,15.8,34.5,13.9,4.2
123_NIH_Lab_N,NIH,129,123,22,G457,5,SF,,N,2,11.41,2.56,8.28,0.21,0.33,0.03,22.5,72.6,1.8,2.8,0.3,8.76,16.3,44.4,50.7,18.6,36.7,15.5,4.9
123_2 weeks_SF_N,2 weeks,129,123,22,G457,9,SF,,N,2,1.06,0.3,0.66,0.05,0.04,0.01,27.9,61.4,4.6,4.5,1.6,8.26,14.1,38.1,46.2,17.1,37,15.6,5.4
123_5 weeks_SF_N,5 weeks,129,123,22,G457,12,SF,,N,2,1.4,0.33,1.02,0.02,0.02,0.01,23.1,72.3,1.6,2.1,0.9,9.75,16.1,46,47.2,16.6,35.1,15.9,5.7
120_NIH_Lab_Tm,NIH,129,120,22,G457,5,SF,,Tm,2,7.76,1.64,5.67,0.16,0.28,0.01,21.1,73,2.1,3.6,0.2,9.16,17.2,45.9,50.1,18.7,37.4,16,4.8
120_2 weeks_SF_Tm,2 weeks,129,120,22,G457,9,SF,,Tm,2,3.01,0.97,1.44,0.27,0.3,0.03,32.1,47.7,9.1,10.1,1,9.07,15.1,41.9,46.2,16.6,35.9,15.7,5.4
120_5 weeks_SF_Tm,5 weeks,129,120,22,G457,12,SF,,Tm,2,2.11,0.64,1.3,0.02,0.14,0.01,30.1,61.5,1.3,6.5,0.6,9.97,16.9,47.6,47.8,16.9,35.5,16.1,4.7
122/168_NIH_Lab_Tm,NIH,129,122,22,G457,5,SF,,Tm,2,5.53,1.45,3.83,0.1,0.14,0.01,26.1,69.3,1.9,2.4,0.3,8.52,16.1,43.6,51.2,18.9,36.9,16.1,4.7
122/168_2 weeks_SF_Tm,2 weeks,129,122,22,G457,9,SF,,Tm,2,2.49,0.79,1.08,0.16,0.45,0.01,31.6,43.3,6.7,17.7,0.7,10.35,17,47.6,46,16.4,35.7,14.5,5.2
122/168_5 weeks_SF_Tm,5 weeks,129,122,22,G457,12,SF,,Tm,2,1.74,0.96,0.53,0.06,0.18,0.01,55,30.3,3.6,10.4,0.7,11.58,18.8,53.8,46.4,16.2,34.9,14.8,5.4
121_NIH_Lab_Tm,NIH,129,121,22,G429,5,Lab,,Tm,2,8.08,2.16,5.54,0.17,0.19,0.02,26.8,68.5,2,2.4,0.3,8.89,16,45.2,50.9,18,35.3,16,4.4
121_2 weeks_Lab_Tm,2 weeks,129,121,22,G429,9,Lab,,Tm,2,8.92,1.32,7.22,0.12,0.2,0.06,14.8,80.9,1.3,2.3,0.7,10.24,16.9,47.2,46.1,16.5,35.9,14.2,4.8
121_5 weeks_Lab_Tm,5 weeks,129,121,22,G429,12,Lab,,Tm,2,2.33,0.49,1.18,0.05,0.6,0.01,21,50.6,2,25.7,0.7,9.91,16,46.5,47,16.2,34.5,14.1,4.7
119_NIH_Lab_N,NIH,129,119,22,G429,5,Lab,,N,2,9.99,2.24,7.15,0.26,0.31,0.03,22.4,71.6,2.6,3.1,0.3,8.91,16.5,44.7,50.1,18.5,37,16.6,5.2
119_2 weeks_Lab_N,2 weeks,129,119,22,G429,9,Lab,,N,2,9.52,1.45,7.76,0.13,0.15,0.03,15.2,81.5,1.4,1.6,0.3,10.06,16.4,45.7,45.4,16.3,35.8,14.1,5.1
119_5 weeks_Lab_N,5 weeks,129,119,22,G429,12,Lab,,N,2,2.39,0.62,1.57,0.03,0.17,0,25.6,65.6,1.3,7.3,0.2,9.76,16,45.7,46.8,16.4,35.1,15.6,5
102_NIH_Lab_N,NIH,129,102,18,G456,6,Lab,,N,2,6.95,1.7,4.96,0.13,0.14,0.02,24.4,71.4,1.9,2,0.3,9.36,17.1,46.8,50,18.3,36.6,15.8,4.7
102_2 weeks_Lab_N,2 weeks,129,102,18,G456,10,Lab,,N,2,8.77,1.88,5.74,0.19,0.92,0.04,21.4,65.5,2.2,10.5,0.4,10.64,17.1,48.4,45.4,16.1,35.4,14.4,5
102_5 weeks_Lab_N,5 weeks,129,102,18,G456,13,Lab,,N,2,1.94,0.83,1.04,0,0.07,0,42.7,53.4,0.3,3.5,0.1,10.47,16.4,48,45.9,15.6,34.1,14.9,5.2
101_NIH_Lab_Tm,NIH,129,101,18,G454,8,Lab,,Tm,2,10.98,3.15,7.27,0.21,0.32,0.03,28.7,66.2,1.9,2.9,0.3,10.53,18.4,50.1,47.6,17.4,36.6,15.3,4.7
101_2 weeks_Lab_Tm,2 weeks,129,101,18,G454,12,Lab,,Tm,2,12.08,2.24,9.37,0.23,0.16,0.08,18.5,77.6,1.8,1.4,0.7,10.92,18,50,45.8,16.5,36.1,14.4,5.1
101_5 weeks_Lab_Tm,5 weeks,129,101,18,G454,15,Lab,,Tm,2,2.12,0.64,1.06,0.01,0.41,0,30.2,49.7,0.8,19,0.3,10.44,16.8,48,46,16.1,35,14.8,4.2
103/124_NIH_Lab_Tm,NIH,129,103,18,G461,8,SF,,Tm,2,9.99,2.45,6.94,0.21,0.36,0.03,24.5,69.5,2.1,3.6,0.3,9.96,17.3,47.4,47.6,17.4,36.6,15.2,4.8
103/124_2 weeks_SF_Tm,2 weeks,129,103,18,G461,12,SF,,Tm,2,2.32,1.17,0.92,0.03,0.19,0.01,50.4,39.3,1.4,8.3,0.6,10.3,16.4,46.9,45.5,16,35.1,14.9,5.4
103/124_5 weeks_SF_Tm,5 weeks,129,103,18,G461,15,SF,,Tm,2,2.38,1.14,1.19,0.02,0.03,0,47.9,50,0.5,1.3,0.3,11.51,18.9,53,46.1,16.4,35.7,14.6,5
315_NIH_Lab_N,NIH,PWK,315,15,G646,5,SF,,N,2,3.98,0.44,3.27,0.04,0.21,0.02,11,82,1.1,5.2,0.7,9.85,16.4,47.7,48.4,16.6,34.3,16.6,13.1
315_2 weeks_SF_N,2 weeks,PWK,315,15,G646,10,SF,,N,2,4.53,2.61,1.62,0.14,0.11,0.05,57.6,35.8,2.9,2.6,1.1,10.6,16.8,48,45.3,15.9,35,15.4,6
316_NIH_SF_Tm,NIH,PWK,316,15,G646,5,SF,,Tm,2,3.26,0.54,2.52,0.05,0.13,0.02,16.5,77.3,1.8,3.8,0.6,8.67,15.3,42.3,48.8,17.6,36.2,18.3,12
316_2 weeks_Lab_Tm,2 weeks,PWK,316,15,G646,10,SF,,Tm,2,4.16,3.06,0.33,0.57,0.15,0.05,73.6,7.9,13.5,3.8,1.2,10.07,16.1,45.3,45,15.9,35.5,15.9,12
316_5 weeks_SF_Tm,5 weeks,PWK,316,15,G646,13,SF,,Tm,2,5.59,1.9,1.49,0.55,1.11,0.54,34,26.7,9.9,19.8,9.6,9.01,14.8,42.3,46.9,16.5,35.1,14.8,5.8
314_NIH_Lab_Tm,NIH,PWK,314,15,G648,6,SF,,Tm,2,2.56,0.28,2.17,0.02,0.09,0,10.7,84.4,1,3.6,0.3,8.84,15.2,43,48.7,17.2,35.4,15.8,5.6
314_2 weeks_SF_Tm,2 weeks,PWK,314,15,G648,10,SF,,Tm,2,4.1,1.54,1.92,0.28,0.32,0.04,37.6,46.6,7,7.8,1,10.76,16.7,47.8,44.4,15.6,35,15.6,6.4
314_5 weeks_SF_Tm,5 weeks,PWK,314,15,G648,13,SF,,Tm,2,5.11,3.59,1.28,0.11,0.08,0.05,70.2,24.9,2.3,1.6,1,9.87,16,44.9,45.5,16.2,35.6,15.8,6
307_NIH_Lab_N,NIH,PWK,307,13,G652,8,SF,,N,2,2.59,0.27,2.2,0.06,0.05,0.01,10.4,84.8,2.3,2.1,0.4,8.58,14.9,40.4,47.1,17.4,36.9,13.9,5.8
307_5 weeks_SF_N,5 weeks,PWK,307,13,G652,15,SF,,N,2,4.61,2.22,1.28,0.39,0.7,0.02,48.1,27.8,8.6,15,0.5,10.35,15.9,46.5,44.9,15.3,34.1,15.7,5.7
308_NIH_Lab_Tm,NIH,PWK,308,13,G652,8,Lab,,Tm,2,4.24,0.31,3.79,0.05,0.07,0.02,7.3,89.4,1.3,1.5,0.5,10.35,17.2,48.7,47.1,16.6,35.3,14.2,15.8
308_2 weeks_Lab_Tm,2 weeks,PWK,308,13,G652,12,Lab,,Tm,2,2.78,0.47,2.08,0.08,0.1,0.05,16.7,74.6,3.2,3.7,1.8,9.41,14.9,41.4,44,15.9,36.1,13.5,5.7
308_5 weeks_Lab_Tm,5 weeks,PWK,308,13,G652,15,Lab,,Tm,2,0.9,0.26,0.57,0.01,0.05,0.01,28.8,62.6,2.1,5,1.5,9.87,15.8,44.5,45.1,16,35.5,13.5,5.9
309_NIH_Lab_Tm,NIH,PWK,309,13,G652,8,Lab,,Tm,2,5.92,0.73,4.84,0.18,0.13,0.04,12.3,81.6,3.1,2.3,0.7,10.14,16.9,47.1,46.5,16.7,36,13.7,5.6
309_2 weeks_Lab_Tm,2 weeks,PWK,309,13,G652,12,Lab,,Tm,2,3.56,1.38,1.67,0.26,0.2,0.05,38.5,46.8,7.4,5.9,1.4,10.31,16.2,47,45.6,15.7,34.4,14.1,6
309_5 weeks_Lab_Tm,5 weeks,PWK,309,13,G652,15,Lab,,Tm,2,4.11,2.71,1.02,0.18,0.14,0.06,65.8,24.9,4.5,3.4,1.4,9.8,15.6,44.2,45.1,15.9,35.2,15.5,6
305_NIH_Lab_Tm,NIH,PWK,305,13,G643,8,SF,,Tm,2,2.26,0.23,1.93,0.02,0.06,0.02,10.2,85,1.1,2.7,1,10.67,17.9,49.6,46.4,16.8,36.1,14.7,14.8
305_2 weeks_SF_Tm,2 weeks,PWK,305,13,G643,12,SF,,Tm,2,3.11,1.54,1.31,0.14,0.08,0.04,49.5,42,4.5,2.7,1.3,10,15.8,44.6,44.6,15.8,35.4,14.5,13
305_5 weeks_SF_Tm,5 weeks,PWK,305,13,G643,15,SF,,Tm,2,3.06,1.74,0.03,1.04,0.19,0.06,56.7,1.1,33.9,6.2,2.1,10.08,15.7,45.9,45.5,15.5,34.1,15.6,12.5
306_NIH_Lab_N,NIH,PWK,306,13,G643,8,Lab,,N,2,4.43,1.02,3.15,0.12,0.1,0.04,22.9,71,2.9,2.3,0.9,10.18,17.7,47.6,46.8,17.4,37.3,14.8,14.5
306_2 weeks_Lab_N,2 weeks,PWK,306,13,G643,12,Lab,,N,2,8.13,2.31,5.28,0.27,0.13,0.14,28.3,64.9,3.3,1.7,1.8,10.43,16.6,45.6,43.7,15.9,36.5,13.2,13.9
306_5 weeks_Lab_N,5 weeks,PWK,306,13,G643,15,Lab,,N,2,1.78,0.58,1.12,0.03,0.04,0.01,32.2,62.8,1.9,2.1,1,9.67,15.4,43.7,45.2,15.9,35.1,14.5,13.6
303_NIH_Lab_N,NIH,PWK,303,12,G647,7,Lab,,N,2,1.78,0.43,1.19,0.08,0.06,0.02,23.9,66.5,4.6,3.6,1.4,9.32,16.4,44.2,47.4,17.6,37,16.6,12.6
303_2 weeks_Lab_N,2 weeks,PWK,303,12,G647,11,Lab,,N,2,3.9,0.7,3,0.06,0.09,0.05,17.8,76.8,1.6,2.4,1.4,9.87,15.9,43.9,44.5,16.1,36.2,13.8,12.6
303_5 weeks_Lab_N,5 weeks,PWK,303,12,G647,14,Lab,,N,2,1.56,0.53,0.94,0.02,0.06,0.01,33.6,60.1,1.4,3.9,1,9.56,15.3,43.6,45.6,16,35.1,13.8,14.3
304/374_NIH_Lab_N,NIH,PWK,304,12,G647,7,SF,,N,2,5.01,0.64,3.99,0.14,0.2,0.04,12.6,79.5,2.8,4.2,0.9,9.96,17.1,47.1,47.3,17.1,36.2,16.3,13.6
304/374_2 weeks_SF_N,2 weeks,PWK,304,12,G647,11,SF,,N,2,4.07,2.12,1.7,0.11,0.11,0.03,52,41.8,2.7,2.8,0.7,10.25,16.3,45.9,44.8,15.9,35.5,14.4,12.9
304/374_5 weeks_SF_N,5 weeks,PWK,304,12,G647,14,SF,,N,2,3.33,1.95,1.22,0.05,0.08,0.03,58.4,36.5,1.6,2.5,1,9.67,15.3,43.7,45.2,15.8,34.9,14.8,5.8
301_NIH_Lab_Tm,NIH,PWK,301,12,G647,7,Lab,,Tm,2,4.67,0.31,4.01,0.13,0.19,0.03,6.5,85.9,2.7,4.3,0.6,9.79,16.6,46.4,47.4,16.9,35.7,15.5,6.1
301_2 weeks_Lab_Tm,2 weeks,PWK,301,12,G647,11,Lab,,Tm,2,4.63,0.74,3.68,0.07,0.08,0.06,16,79.4,1.6,1.7,1.3,10.25,16.8,45.2,44.1,16.3,37.1,13.3,6
301_5 weeks_Lab_Tm,5 weeks,PWK,301,12,G647,14,Lab,,Tm,2,1.47,0.85,0.6,0,0.01,0.01,57.3,40.3,0.6,0.9,0.9,10.51,16.7,48.1,45.7,15.9,34.8,13,6.1
302/362_NIH_Lab_Tm,NIH,PWK,302,12,G648,6,SF,,Tm,2,3.3,0.29,2.82,0.08,0.1,0.01,8.8,85.4,2.5,2.8,0.5,8.64,14.7,41.5,48.1,17,35.4,15.6,5.9
302/362_2 weeks_SF_Tm,2 weeks,PWK,302,12,G648,10,SF,,Tm,2,2.1,0.66,1.19,0.14,0.11,0,31.3,56.3,6.4,5.6,0.4,10.89,17.4,48.6,44.6,16,35.8,14.8,5.6
302/362_5 weeks_SF_Tm,5 weeks,PWK,302,12,G648,13,SF,,Tm,2,3.58,2.53,0.13,0.75,0.14,0.03,70.5,3.7,20.8,4,1,10.14,15.3,43.9,43.3,15.1,34.8,16.2,10.2
319_NIH_Lab_Tm,NIH,PWK,319,16,G644,5,Lab,,Tm,2,2.25,0.36,1.6,0.07,0.21,0.01,15.6,71,3.2,9.4,0.8,9.38,16.3,44.7,47.6,17.3,36.4,21.1,9.7
319_2 weeks_Lab_Tm,2 weeks,PWK,319,16,G644,9,Lab,,Tm,2,11.55,5.71,4.7,0.5,0.3,0.34,49.5,40.6,4.3,2.6,3,10.23,15.2,40.6,39.7,14.8,37.3,16.7,5.3
319_5 weeks_Lab_Tm,5 weeks,PWK,319,16,G644,12,Lab,,Tm,2,7.68,4.56,2.76,0.14,0.07,0.15,59.4,35.9,1.9,0.9,1.9,10.9,12.9,37.2,34.1,11.9,34.8,20.4,5.4
317/375_NIH_Lab_Tm,NIH,PWK,317,16,G644,5,SF,,Tm,2,2.51,0.3,2.01,0.05,0.14,0.01,11.9,79.8,2.2,5.5,0.6,9.16,16.2,44.3,48.3,17.7,36.6,20.6,9.9
317/375_2 weeks_SF_Tm,2 weeks,PWK,317,16,G644,9,SF,,Tm,2,4.21,2.58,1,0.47,0.14,0.02,61.2,23.8,11,3.4,0.6,9.91,16,45.2,45.6,16.2,35.4,15,12.8
317/375_5 weeks_SF_Tm,5 weeks,PWK,317,16,G644,12,SF,,Tm,2,8.73,6.43,1.73,0.33,0.14,0.1,73.7,19.8,3.7,1.6,1.2,10.16,16,46.1,45.3,15.8,34.8,15.3,6
318_NIH_Lab_Tm,NIH,PWK,318,16,G644,5,SF,,Tm,2,2.9,0.54,2.17,0.08,0.1,0.01,18.5,74.5,2.9,3.8,0.3,8.97,16,43.5,48.5,17.8,36.8,19.2,11.3
318_2 weeks_SF_Tm,2 weeks,PWK,318,16,G644,9,SF,,Tm,2,5.62,2.53,2.01,0.73,0.29,0.06,44.9,35.7,13.2,5.2,1,9.03,14.8,42,46.5,16.3,35.1,13.7,6.1
318_5 weeks_SF_Tm,5 weeks,PWK,318,16,G644,12,SF,,Tm,2,5.71,3.66,1.49,0.18,0.31,0.07,64.1,26.1,3.1,5.5,1.2,10.17,16.2,46.4,45.7,15.9,34.8,14.5,5.8
321/361_NIH_Lab_N,NIH,PWK,321/361,16,G643,4,Lab,,N,2,2.23,0.42,1.57,0.03,0.2,0.01,18.5,70.2,1.5,9.1,0.7,8.55,15.2,42.5,49.7,17.8,35.8,21.7,8.7
321/361_2 weeks_Lab_N,2 weeks,PWK,321/361,16,G643,9,Lab,,N,2,8.79,2.05,6.15,0.2,0.23,0.16,23.3,69.9,2.4,2.6,1.8,10.03,16.4,44.8,44.6,16.3,36.6,13.2,13.8
321/361_5 weeks_Lab_N,5 weeks,PWK,321/361,16,G643,12,Lab,,N,2,1.89,0.32,1.39,0.03,0.14,0.01,16.9,73.5,1.6,7,1,10.29,16.5,46.7,45.4,16,35.2,13.2,14
320_NIH_Lab_N,NIH,PWK,320,16,G643,4,SF,,N,2,3.98,0.41,3.27,0.05,0.24,0.01,10.1,82.1,1.4,6,0.4,8.5,15.5,42.1,49.6,18.2,36.8,19.6,10.6
320_2 weeks_SF_N,2 weeks,PWK,320,16,G643,9,SF,,N,2,2.18,0.51,1.26,0.22,0.16,0.03,23.4,57.8,10.1,7.3,1.4,9.93,16.5,45.6,45.9,16.6,36.1,14.2,13.9
320_5 weeks_SF_N,5 weeks,PWK,320,16,G643,12,SF,,N,2,1.68,0.67,0.11,0.78,0.1,0.02,39.8,6.6,46.1,6.3,1.2,9.47,16,44.3,46.8,16.9,36.2,13.5,12.9
323_NIH_Lab_Tm,NIH,PWK,323,17,G649,6,Lab,,Tm,2,2.67,0.23,2.29,0.04,0.1,0.01,8.3,85.7,1.6,3.8,0.6,9.36,15.9,45.1,48.2,17,35.4,16.3,6.2
323_2 weeks_Lab_Tm,2 weeks,PWK,323,17,G649,10,Lab,,Tm,2,3.2,0.54,2.53,0.03,0.06,0.04,16.6,78.9,1,2,1.5,9.4,15.3,42.7,45.4,16.3,35.9,13.2,13.6
323_5 weeks_Lab_Tm,5 weeks,PWK,323,17,G649,13,Lab,,Tm,2,1.15,0.26,0.71,0.05,0.11,0.02,22.2,61.6,4.7,9.2,2.3,10.15,16.3,46.4,45.7,16.1,35.2,13.8,13.9
325/363_NIH_Lab_N,NIH,PWK,325/363,17,G649,6,Lab,,N,2,4.03,0.37,3.49,0.09,0.06,0.02,9,86.5,2.2,1.6,0.7,9,15.9,44.9,49.9,17.7,35.4,16.4,13.8
325/363_2 weeks_Lab_N,2 weeks,PWK,325/363,17,G649,10,Lab,,N,2,5.16,0.58,4.35,0.06,0.07,0.1,11.1,84.3,1.2,1.5,1.9,10.06,16.5,45.7,45.4,16.4,36.1,13.9,13.5
325/363_5 weeks_Lab_N,5 weeks,PWK,325/363,17,G649,13,Lab,,N,2,2.89,1.12,1.53,0.04,0.15,0.05,38.6,52.7,1.4,5.4,1.9,10.03,16.2,45.9,45.7,16.1,35.3,15.1,14.5
324_NIH_Lab_Tm,NIH,PWK,324,17,G649,6,SF,,Tm,2,3.27,0.29,2.74,0.11,0.1,0.03,8.7,83.7,3.4,3.2,1,9.25,16.2,44.4,48,17.6,36.6,16.1,13.3
324_2 weeks_SF_Tm,2 weeks,PWK,324,17,G649,10,SF,,Tm,2,3.7,1.56,1.67,0.27,0.16,0.04,42.2,44.9,7.4,4.3,1.2,10.63,16.6,47.2,44.4,15.6,35.2,14.1,12.9
324_5 weeks_SF_Tm,5 weeks,PWK,324,17,G649,13,SF,,Tm,2,9.21,5.79,1.57,1.22,0.57,0.06,62.9,17,13.3,6.2,0.6,10.22,16.3,46.2,45.2,16,35.4,15.1,6.1
322_NIH_Lab_Tm,NIH,PWK,322,17,G645,6,Lab,,Tm,2,2.17,0.31,1.64,0.08,0.13,0.01,13.9,75.4,3.9,6.1,0.7,9.91,17.3,47.4,47.8,17.4,36.4,17.2,12.2
360_NIH_Lab_Tm,NIH,PWK,360,17,G645,6,SF,,Tm,2,1.78,0.1,1.52,0.07,0.08,0.01,5.3,85.4,4,4.3,1,7.6,13,36.8,48.4,17.1,35.3,17.5,5.3
360_2 weeks_SF_Tm,2 weeks,PWK,360,17,G645,10,SF,,Tm,2,2.38,0.52,1.43,0.21,0.19,0.03,21.8,59.9,8.7,8.2,1.4,9.99,16.1,45.5,45.5,16.1,35.4,14,13.7
360_5 weeks_SF_Tm,5 weeks,PWK,360,17,G645,13,SF,,Tm,2,6.47,3.49,1.55,0.7,0.66,0.07,53.9,23.9,10.8,10.3,1.1,10.46,17.1,47.9,45.9,16.4,35.7,13.7,5.8
310_NIH_Lab_Tm,NIH,PWK,310,14,G651,8,SF,,Tm,2,6.18,0.85,5,0.12,0.17,0.04,13.7,80.9,2,2.7,0.7,9.8,17.2,45.7,46.7,17.5,37.6,13.9,15.9
310_2 weeks_SF_Tm,2 weeks,PWK,310,14,G651,12,SF,,Tm,2,2.97,1.22,1.44,0.13,0.15,0.03,40.8,48.5,4.4,5,1.3,8.98,13.6,38.3,42.7,15.2,35.5,16.8,5.8
310_5 weeks_SF_Tm,5 weeks,PWK,310,14,G651,15,SF,,Tm,2,7.74,5.33,0.18,1.84,0.34,0.05,68.8,2.3,23.7,4.5,0.7,11.14,15.1,43.9,39.4,13.6,34.5,23.8,6.7
311_NIH_Lab_N,NIH,PWK,311,14,G651,8,SF,,N,2,2.14,0.52,1.46,0.07,0.09,0,24.3,68,3.2,4.4,0.1,6.15,10.7,29.5,47.9,17.4,36.4,13.6,5.8
311_2 weeks_SF_N,2 weeks,PWK,311,14,G651,12,SF,,N,2,3.06,1.1,1.75,0.1,0.07,0.04,35.8,57,3.3,2.5,1.4,11.09,17.2,49.5,44.6,15.5,34.7,13.4,5.6
311_5 weeks_SF_N,5 weeks,PWK,311,14,G651,15,SF,,N,2,2.26,1.28,0.88,0.02,0.07,0.01,56.4,38.8,1,3.2,0.6,10.73,16.8,47.9,44.6,15.6,35.1,13.2,5.7
313_NIH_Lab_N,NIH,PWK,313,14,G651,8,Lab,,N,2,2.2,0.32,1.68,0.05,0.14,0.01,14.5,76.4,2.1,6.2,0.8,9.02,15.4,43.1,47.8,17.1,35.8,14.3,15.6
313_2 weeks_Lab_N,2 weeks,PWK,313,14,G651,13,Lab,,N,2,4.91,1.19,3.33,0.22,0.09,0.08,24.1,67.7,4.6,1.9,1.7,9.77,15.8,43,44,16.2,36.7,13,13.9
313_5 weeks_Lab_N,5 weeks,PWK,313,14,G651,16,Lab,,N,2,3.34,1.86,1.3,0.04,0.11,0.03,55.5,38.8,1.4,3.4,0.9,10.53,15.7,45,42.7,15,35,15.2,10.5
312_NIH_Lab_Tm,NIH,PWK,312,14,G651,8,Lab,,Tm,2,2.24,0.37,1.76,0.04,0.06,0.01,16.2,78.6,1.9,2.8,0.5,4.93,7.9,23.9,48.4,16.1,33.3,13.4,5.5
312_2 weeks_Lab_Tm,2 weeks,PWK,312,14,G651,13,Lab,,Tm,2,13.4,6.45,5.92,0.6,0.26,0.17,48.2,44.2,4.5,1.9,1.2,9.88,15.7,42.6,43.1,15.9,36.8,13.5,5.7
312_5 weeks_Lab_Tm,5 weeks,PWK,312,14,G651,15,Lab,,Tm,2,1.95,0.57,1.19,0.04,0.13,0.02,29,60.7,2.3,6.9,1.1,10.58,16.2,47.1,44.5,15.3,34.4,16.1,5.7