Mouse ID,Location,Infected,Strain,Block,% T cells of CD45+,% CD4+ of CD45+,% CD4+/Q1 CD62L- / CD44+ eff mem of CD45+,% CD4+/Q2 CD62L+ / CD44+ cent mem of CD45+,% CD4+/Q3 CD62L+ / CD44- naive of CD45+,% CD4+/Q4 CD62L- / CD44- of CD45+,% Ki-67+ activated CD4 of CD45+,% KLRG1+ CD4+ of CD45+,% FoxP3+ CD4+ of CD45+,% Gata3+ CD4+ of CD45+,% Tbet+ CD4+ of CD45+,% RorgT+ CD4+ of CD45+,% CD8+ of CD45+,% Q1 CD62L-  CD44+ eff mem of CD45+,% CD8+/Q2 CD62L+ / CD44+ cent mem of CD45+,% CD8+/Q3 CD62L+ / CD44- naive of CD45+,% CD8+/Q4 CD62L- / CD44- of CD45+,% Ki-67+ CD8+ of CD45+,% KLRG1+ CD8+ of CD45+,% B220+ cells of CD45+,% CD44+ B cells of CD45+,% CD62L+ Bcells of CD45+,% CD62hiCD44+ B cells of CD45+,% CD62hiCD44- B cells of CD45+,% gd T cells of CD45+,% NK cells of CD45+,% lin- of CD45+,% Ki67+ ILCs of CD45+
469,SF,Infected,PWK,Block1,40.2,25.1,7.29,13.7,3.22,0.861,4.19,0.503,2.87,0.508,0.773,0.159,14.7,3.96,9.25,1.27,0.244,2.55,0.075,55.9,4.8,11.5,0.922,10.6,0.876,0.00233,2.32,0.828
474,SF,Infected,PWK,Block1,62.4,43.1,6.38,33.7,2.63,0.42,4.43,0.973,3.98,1.12,0.325,0.344,18.9,0.804,17,1.05,0.0762,1.65,0.0823,33.4,4.15,21.8,1.51,20.4,1.87,0.0161,1.91,0.526
427,SF,UnInfected,129SL,Block1,66.3,48.1,4.94,2.08,38.4,2.65,2.43,0.22,4.73,0.652,0.143,0.432,17.8,0.231,0.507,15.6,1.42,0.591,0.028,31.5,4.02,24.7,1.86,23,1.07,0.00456,0.844,0.201
441,SF,UnInfected,129SL,Block1,70.1,50.2,5.14,1.44,39.2,4.48,2.67,0.114,4.46,0.425,0.0573,0.485,19.5,0.37,0.494,14.8,3.85,0.639,0.0164,27.9,3.5,16,1.17,14.9,0.948,0.00318,0.802,0.188
446,SF,UnInfected,129SL,Block1,58.3,42.1,4.21,1.76,33.2,2.93,3.76,0.306,3.76,0.711,0.314,0.296,15.8,0.306,0.447,12.4,2.63,0.775,0.0275,37.1,4.34,27.3,1.94,25.5,1.64,0.00247,2.79,1.53
7010,SF,UnInfected,129SL,Block1,59.2,43.7,5.73,1.88,32.5,3.62,1.83,0.149,5.36,0.586,0.0378,0.352,15.1,0.199,0.422,12.3,2.13,0.378,0.013,38.7,3.96,24.1,1.34,22.8,0.92,0.00508,0.864,0.218
144,SF,UnInfected,B6,Block1,55,32.8,4.26,2.33,22.9,3.24,2.6,0.312,3.66,0.361,0.101,0.817,21.2,0.602,2.86,12.4,5.33,1.37,0.0481,40.8,5.48,33.1,2.92,30.4,1.54,0.356,1.6,0.381
195,SF,UnInfected,B6,Block1,57.1,39.7,5.06,2.57,28.7,3.4,4.03,0.274,3.54,0.401,0.447,0.302,16.8,0.596,1.12,10.6,4.51,0.995,0.0804,37.6,4.7,29.5,2.05,27.5,1.33,0.0642,3.27,1.42
358,SF,UnInfected,B6,Block1,57.3,33.4,5.11,1.62,22.5,4.18,2.47,0.262,4.39,0.455,0.101,0.819,22.9,0.793,2.72,13.1,6.29,1.51,0.0181,39.4,4.32,16.3,1.12,15.3,1.26,0.292,1.33,0.257
408,SF,UnInfected,B6,Block1,64.8,35.1,3.99,3.65,26.3,1.16,2.15,0.549,3.99,0.585,0.109,0.437,29,0.535,5.02,22.7,0.679,2.08,0.0595,32,3.39,24.8,1.45,23.4,1.48,0.269,1.22,0.263
412,SF,UnInfected,B6,Block1,61.8,26,6.36,0.637,3.77,15.3,2.52,0.137,3.49,0.485,0.167,0.599,35.1,5.47,1.02,1.95,26.6,2.04,0.0455,33.7,3.06,4.51,0.265,4.27,1.94,0.288,1.82,0.435
415,SF,UnInfected,B6,Block1,58.4,31.2,3.67,2.69,23.7,1.14,3.34,0.343,3.81,0.509,0.732,0.507,26.3,0.61,4.21,20.2,1.29,3.5,0.0312,37.4,5.7,32.4,3.66,28.9,1.7,0.436,1.76,0.545
421,SF,UnInfected,B6,Block1,54,30.1,6.03,1.36,18.3,4.42,3.68,25.9,4.48,0.603,0.818,1.03,23.2,1.29,3.09,11.8,7.01,2.3,0.871,41.5,3.77,12.8,0.794,12,1.34,0.312,2.44,0.403
450,SF,UnInfected,PWK,Block1,78.8,52.5,6.86,42.4,2.78,0.407,4.04,0.402,4.28,0.385,0.131,0.946,26,1.03,23.6,1.28,0.0823,1.93,0.0292,19.3,1.92,9.95,0.469,9.51,0.63,0.00117,0.926,0.272
459,SF,UnInfected,PWK,Block1,85,57.7,6.44,47.5,3.36,0.434,3.48,0.46,4.51,0.452,0.27,0.82,27,1.12,24.5,1.27,0.0999,1.77,0.0659,13.2,1.43,5.17,0.298,4.89,0.692,0.00329,0.749,0.141
465,SF,UnInfected,PWK,Block1,81.7,53,7.72,40.5,3.97,0.813,3.84,0.724,5.52,0.747,0.251,0.637,28.2,1.5,24.7,1.81,0.233,2.64,0.0322,15.5,1.5,5.86,0.312,5.56,0.725,0.00119,1.28,0.264
471/666,SF,UnInfected,PWK,Block1,84.9,60.8,27.4,25.1,2.87,5.36,2.65,0.692,6.14,0.55,0.385,0.552,23.8,17.8,3.96,0.207,1.86,1.32,0.0383,13,1.19,1.37,0.0631,1.31,0.818,0.00225,0.973,0.185
426,Lab,Infected,129SL,Block1,53.7,38.9,4.16,1.31,29.8,3.58,2.55,0.239,4.02,1.2,0.111,0.322,14.3,0.211,0.264,11.4,2.4,0.404,0.015,43.1,5.2,15,1.14,13.9,0.957,0.00166,1.95,0.919
438,Lab,Infected,129SL,Block1,62.3,45.3,4.34,1.29,36.5,3.14,1.49,0.127,4.34,0.594,0.0723,0.344,16.7,0.156,0.31,14.7,1.55,0.371,0.0115,35.8,3.6,18.5,1.04,17.6,0.82,0.00322,0.797,0.191
440,Lab,Infected,129SL,Block1,65.2,46.5,4.59,1.39,35.8,4.69,2.17,0.181,4.51,0.684,0.12,0.502,18.2,0.268,0.394,15.3,2.23,0.505,0.0202,32.8,3.99,9.58,0.874,8.76,0.812,0.00356,0.875,0.158
447,Lab,Infected,129SL,Block1,60.6,43.4,4.49,1.06,32.6,5.31,2.61,0.163,3.39,0.982,0.144,0.484,16.7,0.268,0.4,11.6,4.4,0.514,0.0219,37,3.81,6.76,0.559,6.23,0.699,0.0023,1.27,0.357
404,Lab,Infected,B6,Block1,64.3,35.9,5.22,1.57,15.8,13.3,1.76,1.52,4.49,0.61,0.294,0.736,27.5,3.41,0.684,2.65,20.7,1.11,0.0736,31.5,2.67,9.42,0.431,9,1.82,0.41,1.19,0.315
409,Lab,Infected,B6,Block1,64.1,37.8,5.14,1.03,8.66,23,2.01,0.414,4.72,0.724,0.414,0.667,25.6,3.51,0.195,0.448,21.4,1.24,0.023,31.9,2.54,6.78,0.391,6.47,1.93,0.402,1.16,0.241
419,Lab,Infected,B6,Block1,42.2,22.7,1.61,1.53,19,0.59,1.54,0.243,2.67,0.366,0.432,0.229,18.9,0.249,1.9,16.5,0.258,1.92,0.0544,54.4,4.67,48.9,2.81,46.3,1.44,0.289,1.38,0.401
420,Lab,Infected,B6,Block1,46.6,24.5,1.98,2.28,19.8,0.46,2.12,0.234,2.74,0.449,0.527,0.272,21.3,0.22,3.37,17.4,0.246,1.52,0.041,49.9,5.56,47.8,3.96,44.1,1.31,0.589,1.26,0.228
477,Lab,Infected,B6,Block1,66.5,38.2,3.85,1.77,29.9,2.62,1.82,0.294,4.18,0.513,0.332,0.814,27.6,0.543,3.4,21.5,2.1,1.65,0.0377,30.6,2.84,13.3,0.746,12.6,1.5,0.286,0.92,0.121
470,Lab,Infected,PWK,Block1,78.5,50.9,2.04,4.25,43.3,1.31,1.22,1.14,4.45,0.187,0.308,0.446,27.3,0.469,14.7,11.7,0.365,1.18,0.0531,19.5,0.669,11.2,0.197,11,0.771,0.00212,0.892,0.132
435,Lab,UnInfected,129SL,Block1,66.6,48.8,3.43,1.23,40.5,3.67,1.41,0.197,4.59,0.49,0.0664,0.338,17.3,0.266,0.312,15,1.72,0.446,0.0403,31.1,2.68,21.9,1.09,20.9,0.696,0.00424,0.891,0.15
445,Lab,UnInfected,129SL,Block1,67.9,48.4,3.91,1.95,38.1,4.37,2.1,0.119,5.57,0.483,0.06,0.369,19.2,0.164,0.425,17,1.54,0.528,0.0106,29.6,2.77,19.1,1.13,18,0.658,0.00196,0.954,0.147
478,Lab,UnInfected,129SL,Block1,65.3,46.1,3.57,1.55,37.2,3.74,2.45,0.15,4.55,0.504,0.0567,0.466,18.7,0.207,0.408,16.3,1.78,0.6,0.0273,32.2,3.77,22.8,1.71,21.2,0.826,0.000717273,0.865,0.26
403,Lab,UnInfected,B6,Block1,50.6,30.1,2.64,0.597,5.95,20.9,1.15,0.479,2.12,0.317,0.142,0.341,19.9,2.24,0.239,0.391,17.1,0.947,0.0809,45.8,3.77,14.8,0.563,14.3,1.2,0.152,0.961,0.212
405,Lab,UnInfected,B6,Block1,65.3,36.4,4.72,1.2,14.1,16.4,1.62,0.355,4.85,0.547,0.19,0.575,28.2,3.61,0.936,2.2,21.5,1.41,0.102,31.5,4.07,7.15,0.577,6.61,1.23,0.349,1.07,0.2
410,Lab,UnInfected,B6,Block1,66.2,36.5,3.97,3.4,27.7,1.4,1.86,0.282,5.16,0.526,0.192,0.772,29.2,0.363,3.69,23.8,1.3,1.44,0.0742,31.2,3.23,27.4,1.79,25.7,1.23,0.381,0.79,0.128
417,Lab,UnInfected,B6,Block1,65.2,36.5,2.45,2.1,30.6,1.36,1.42,0.131,4.42,0.333,0.0834,0.429,28.3,0.365,2.91,23.9,1.14,1.42,0.031,32.4,2.6,26.2,1.23,25.1,1.39,0.224,0.588,0.113
454,Lab,UnInfected,PWK,Block1,73.5,47.8,2.91,6.27,35.5,3.13,1.37,2.75,4.62,0.0991,0.972,0.378,25.3,1.26,16,7.24,0.815,0.974,0.0789,24.8,1.04,8.72,0.167,8.56,0.728,0.00183,0.672,0.119
456,Lab,UnInfected,PWK,Block1,78.9,52.1,5.36,4.77,29.1,12.9,1.79,1.92,4.86,0.158,0.452,0.614,26.4,6.67,11.6,5.42,2.71,1.22,0.0972,18.9,0.623,1.79,0.0648,1.72,0.989,0.00572,0.701,0.111
461,Lab,UnInfected,PWK,Block1,83.3,52.9,3.8,9.88,36.8,2.35,1.56,1.91,4.63,0.134,0.696,0.514,30,1.41,19.5,8.58,0.587,1.33,0.0545,15,0.872,9.85,0.289,9.58,0.692,0.00419,0.677,0.103
468,Lab,UnInfected,PWK,Block1,75.5,51.6,7.66,3.43,16.4,24.1,1.12,1.89,5.2,0.177,0.534,0.368,23.7,12.6,2.79,1.83,6.4,0.909,0.105,22.1,1.02,0.216,0.0636,0.152,0.902,0.00227,0.986,0.132
425,SF,Infected,129SL,Block1,55,41,5.26,2.72,31,2.01,3.96,0.222,3.22,0.535,0.428,0.0905,13.3,0.494,0.749,10.9,1.15,0.757,0.0658,39.6,6.1,32.6,2.57,30.1,1.36,0,3.3,1.65
429,SF,Infected,129SL,Block1,53.4,38,4.39,2.47,28.8,2.28,3.42,0.184,3.71,0.496,0.217,0.225,14.9,0.509,0.768,12.5,1.13,1.18,0.0615,41.9,6.07,34.9,2.96,32,1.11,0.00131,2.99,1.54
437,SF,Infected,129SL,Block1,54.9,38.8,4.58,2.98,29.2,2.06,4.18,0.317,3.06,0.939,0.195,0.259,15.7,0.268,0.58,13.9,0.945,0.651,0.0374,40.6,6.47,30.6,2.65,28.1,0.987,0.00108,2.95,1.63
448,SF,Infected,129SL,Block1,62,45.6,6.59,2.41,30.3,6.31,3.31,0.209,4.89,1.01,0.103,0.489,16,0.395,0.416,10.9,4.24,0.639,0.00709,34.9,3.26,14.9,0.6,14.3,1.06,0.00177,1.57,0.526
476,SF,Infected,129SL,Block1,43.4,30.1,4.37,3.04,20.5,2.18,5.1,0.194,2.85,0.583,0.741,0.253,12.9,0.417,0.822,10.8,0.835,0.932,0.055,50,7.3,42.2,3.5,38.8,1.44,0.00211,4.63,2.52
406,SF,Infected,B6,Block1,50.5,26.4,2.96,1.92,20.2,1.28,3.23,0.464,3.03,0.755,1.09,0.45,23,0.57,3.91,17.7,0.863,3.92,0.0448,44.9,6.14,36.4,3.84,32.7,1.73,0.544,1.97,0.66
407,SF,Infected,B6,Block1,46.8,24.4,2.94,1.77,18.6,1.07,3.16,0.78,2.55,0.518,1.27,0.214,21.7,0.744,3.5,16.7,0.707,3.45,0.102,48.9,6.95,38.4,4.37,34.3,1.61,0.282,1.79,0.447
411,SF,Infected,B6,Block1,54.3,26.3,3.32,1.58,17.9,3.52,3.01,0.593,3.45,0.8,0.853,0.374,27,0.946,2.73,18.6,4.64,2.92,0.132,41.5,2.41,29.2,1.1,28.1,1.61,0.374,1.55,0.303
413,SF,Infected,B6,Block1,48.7,24.1,3.58,1.86,17.2,1.43,3.72,0.671,2.67,1.26,2,0.699,23.7,0.642,3.2,19,0.885,3.2,0.0999,47.3,6.48,40.5,4.65,36,1.38,0.571,1.38,0.285
416,SF,Infected,B6,Block1,44.8,23.4,3.33,1.85,17,1.26,3.19,0.448,2.75,0.538,1.04,0.347,20.4,0.918,3.52,15.1,0.812,3.64,0.0645,50.3,8.16,37.7,4.88,33,1.86,0.315,2.13,0.49
423,SF,Infected,B6,Block1,49.3,21.4,6.47,0.5,2.58,11.8,3.56,0.436,2.47,0.707,1.21,0.332,26.3,4.33,0.337,1.02,20.6,2.81,0.0553,42.6,3.31,11.3,0.759,10.6,2.95,0.771,2.3,0.41
424,SF,Infected,B6,Block1,46.2,23.1,2.78,1.46,17.8,1.05,2.7,0.528,2.37,0.544,1.25,0.332,22.2,0.681,3.31,17.7,0.559,3.22,0.0802,50,6.3,44.9,4.36,40.8,1.68,0.391,1.34,0.304
452,SF,Infected,PWK,Block1,58.3,39.1,6.85,27.8,4.06,0.43,4.58,0.826,3.59,0.644,0.353,0.424,18.5,0.769,16.3,1.4,0.0419,2.06,0.0807,37.6,5.55,26.3,2.19,24.1,0.958,0.00312,2.25,1.15
453,SF,Infected,PWK,Block1,64.3,43.7,7.19,32.3,3.76,0.407,4.59,0.894,4.84,0.866,0.639,0.434,20.2,1.45,17.2,1.46,0.0875,2.89,0.0769,32.4,4.32,17.3,1.2,16.1,0.89,0.00452,1.85,0.814
466,SF,Infected,PWK,Block1,58.8,39,4.72,29.7,4.31,0.312,3.74,0.669,3.22,0.532,0.603,0.27,19.3,0.555,17.3,1.43,0.0697,1.85,0.0455,37.8,6.22,21.4,2.22,19.2,0.753,0.00152,1.64,0.603
274,SF,Uninfected,B6,Block2,56.3,32.9,4.81,3.19,23.3,1.57,2.54,0.89,4.82,0.544,0.406,0.842,22.9,0.694,2.83,18.6,0.745,1.48,0.187,40.7,4.36,36,2.64,33.5,1.26,0.231,1.16,0.261
275,SF,Uninfected,B6,Block2,49.6,28,5.15,2.62,18.9,1.33,3.07,3.72,4.68,0.802,1.18,1.76,20.7,0.479,3.88,15.9,0.476,1.99,1,46.6,8.51,40.1,5.28,35.1,1.15,0.32,1.79,0.461
280,SF,Uninfected,B6,Block2,51.3,29.1,4.13,3.02,20.5,1.4,2.4,0.717,4.54,0.609,0.325,0.743,21.5,0.573,3,17.3,0.662,1.35,0.169,45.6,5.38,41,3.39,37.9,1.35,0.252,1.3,0.307
283,SF,Uninfected,B6,Block2,55.2,31,4.06,2.76,22.9,1.31,2.52,0.35,4.28,0.419,0.106,0.875,23.6,0.475,3.15,19.4,0.518,1.59,0.0564,42.2,4.39,37.7,2.55,35.3,0.995,0.247,1.08,0.23
287,SF,Uninfected,B6,Block2,62.6,36.2,5.56,2.25,24.9,3.42,2.9,0.444,5.01,0.464,0.121,0.957,25.8,1.18,2.34,16.6,5.7,1.57,0.0826,33.7,3.57,13.3,0.64,12.7,1.22,0.228,1.25,0.199
291,SF,Uninfected,B6,Block2,59.4,33.7,4.79,2.93,24.3,1.58,2.79,2.31,4.94,0.59,0.72,1.24,25.3,0.684,3.26,20.6,0.757,1.74,0.567,37.7,4.46,31.7,2.39,29.5,1.05,0.222,1.12,0.253
294,SF,Uninfected,B6,Block2,49.6,27.7,4.76,2.73,18.9,1.32,2.73,1.43,4.47,0.437,0.411,1.24,21.3,0.522,3.38,17,0.454,1.47,0.465,47.2,5.25,41.3,2.87,38.6,1.22,0.359,1.28,0.302
298,SF,Uninfected,B6,Block2,57.6,31,4.91,3.16,21.6,1.29,2.59,2.42,5.21,0.718,0.713,1.25,26,0.542,3.93,20.9,0.609,1.75,0.907,38.6,6.93,33.8,4.4,29.6,1.39,0.3,1.55,0.352
304,SF,Uninfected,PWK,Block2,70.7,42,5.17,21.5,14.5,0.835,2.73,0.587,4.81,0.653,0.734,0.387,28.1,0.966,20.7,6.22,0.204,1.98,0.0388,26.1,1.98,13,0.493,12.6,0.871,0,1.61,0.431
311,SF,Uninfected,PWK,Block2,68.7,45.9,5.04,36,4.22,0.648,1.84,1.39,5.67,0.407,0.878,0.395,22.3,0.724,19.4,2.05,0.172,0.743,0.29,29,2.2,21.1,0.933,20.2,0.68,0.00107,1.12,0.169
320,SF,Uninfected,PWK,Block2,74.3,50.1,5.63,33.1,10.2,1.04,2.39,0.532,4.81,0.556,0.459,0.444,23.8,1.09,19.1,3.41,0.174,1.63,0.0563,22.8,1.4,9.93,0.251,9.69,0.714,0.00637,1.47,0.316
103,SF,Infected,129SL,Block2,68.2,49.4,5.85,3.05,38,2.52,3.12,1.19,5.32,0.783,0.503,0.39,18.5,0.269,0.53,17.4,0.347,0.553,0.171,29.6,2.9,23.1,1.29,21.9,0.699,0,0.946,0.226
106,SF,Infected,129SL,Block2,56.1,41.1,5.53,2.86,30.2,2.53,3.61,0.484,4.93,2.06,0.2,0.426,14.8,0.295,0.465,13.7,0.358,0.648,0.0205,40.8,3.66,30.6,1.4,29.3,0.866,0.000930094,1.43,0.499
110,SF,Infected,129SL,Block2,50.4,36.3,5.03,2.59,26.4,2.27,4.84,0.739,4.23,1.94,0.243,0.652,13.9,0.253,0.528,12.8,0.235,0.898,0.0268,45.7,5.12,35.4,2.21,33.3,0.875,0.00128,2.09,0.981
117,SF,Infected,129SL,Block2,67.4,46.9,4.63,2.56,37.6,2.14,3.47,3.43,4.44,0.461,1.56,0.208,20.1,0.522,0.777,18.3,0.438,1.26,0.387,28.4,3.09,23.2,1.44,21.8,1.21,0.00419,2.24,0.657
118,SF,Infected,129SL,Block2,59.2,44.1,5.22,2.71,33.2,2.93,4.6,0.598,4.55,2.2,0.275,0.487,14.9,0.269,0.568,13.7,0.42,0.884,0.0158,36.9,3.65,26.2,1.18,25.1,1.01,0.00065841,2.22,1.18
120,SF,Infected,129SL,Block2,57.8,42.1,5.05,2.59,31.9,2.53,3.83,0.784,4.68,2.1,0.217,0.426,15.5,0.473,0.666,14,0.332,0.999,0.275,38.6,3.41,28.1,1.47,26.8,1.04,0.0111,1.74,0.401
122,SF,Infected,129SL,Block2,57.5,39.7,4.6,2.29,30.4,2.39,5.13,0.732,3.84,1.24,1.46,0.21,17.5,0.385,0.545,16.2,0.428,1.3,0.0654,37,3.84,30.4,1.34,29.2,1.46,0.000860467,3.5,1.51
273,SF,Infected,B6,Block2,42.6,24.3,3.29,1.21,18.5,1.27,3.21,0.543,2.8,0.514,1.01,0.276,17.4,0.821,1.92,14.2,0.506,2.07,0.141,53.3,4.55,47.7,2.55,45.4,1.53,0.262,2.04,0.408
277,SF,Infected,B6,Block2,44.1,25.4,4.67,1.72,17.7,1.23,4.51,0.882,3,1.24,2.5,0.591,17.8,0.817,2.35,14,0.609,2.45,0.136,52.1,3.88,47.3,2.34,45.1,1.61,0.292,1.54,0.321
282,SF,Infected,B6,Block2,46.1,26.4,5.52,1.54,18,1.36,5.3,2.61,2.5,0.675,3.25,0.548,18.8,0.575,2.48,14.9,0.814,2.44,0.16,49.3,3.62,44,2.33,41.8,1.63,0.194,2.61,0.958
284,SF,Infected,B6,Block2,41.3,23.2,3.63,1.92,16.4,1.2,3.69,0.468,2.82,0.835,1.02,0.365,17.2,0.401,2.44,13.9,0.366,1.59,0.0689,55.3,4.06,51.7,2.71,49.1,1.15,0.483,1.5,0.262
288,SF,Infected,B6,Block2,40.1,21.7,4.42,1.71,14.5,1.03,3.94,2.2,2.35,0.418,1.49,0.344,17.4,0.601,2.9,13.3,0.558,2.14,0.209,56.3,5.01,51.5,3.23,48.4,1.4,0.277,1.67,0.241
289,SF,Infected,B6,Block2,41.4,22.4,4.4,1.95,15,0.986,3.91,0.846,2.95,0.871,1.86,0.427,18.3,0.74,2.48,14.6,0.487,1.97,0.162,54.7,4.77,51.1,3.16,48.2,1.71,0.39,1.55,0.223
292,SF,Infected,B6,Block2,59.4,33.8,4.41,3.03,25,1.38,2.61,0.33,4.83,0.529,0.134,0.704,24.7,0.543,3.57,19.9,0.684,1.64,0.0505,37.7,4.16,32.2,2.23,30.1,1.33,0.231,1.13,0.187
297,SF,Infected,B6,Block2,45.6,25.5,4.5,1.98,17.7,1.32,3.47,0.252,3.48,0.574,0.773,0.499,19.1,0.414,2.47,15.7,0.491,1.4,0.0205,50.5,3.29,46,1.96,44.2,1.49,0.387,1.68,0.422
300,SF,Infected,B6,Block2,47,27.3,4.18,1.87,19.8,1.44,3.85,0.292,3.68,0.828,1.12,0.518,18.7,0.524,2.53,15,0.587,2.06,0.0463,47.5,3.6,42.4,2.33,40.2,1.22,0.33,3.61,1.37
302,SF,Infected,PWK,Block2,62.1,40.8,5.16,19.8,14.7,1.09,5.21,0.794,4.13,0.961,1.39,0.283,20.6,1.05,14.1,5.23,0.187,3.25,0.0918,31.7,1.96,20,0.818,19.2,0.835,0,4.45,1.83
305,SF,Infected,PWK,Block2,58.1,34.9,5.82,21.1,7.22,0.752,4.93,0.625,4.19,0.74,1.45,0.342,22.6,1.51,17.5,3.46,0.145,3.71,0.144,37.9,3.55,29.9,1.75,28.2,1.23,0.000700305,2.29,0.534
309,SF,Infected,PWK,Block2,63.3,40.7,6.39,24.2,9.41,0.631,3.99,0.987,4.54,1.45,0.564,0.46,22.2,0.733,18.4,2.95,0.0933,2.25,0.0578,32.6,3.36,18.4,0.944,17.5,1.01,0.000657384,2.36,0.985
310,SF,Infected,PWK,Block2,57.2,37.3,9.41,17.1,9.86,0.848,5.09,1.3,5.83,1.83,0.501,0.771,19.2,1.65,14.6,2.82,0.0875,2.88,0.524,36.4,3.51,18.9,0.821,18.1,1.42,0.00104,4.1,1.67
314,SF,Infected,PWK,Block2,49.9,30,6.46,13.7,9.32,0.564,4.07,0.641,4.19,1.21,1.22,0.246,19.4,0.949,14.7,3.69,0.0871,1.93,0.052,46.1,3.69,28.7,1.27,27.4,0.766,0.000946262,2.59,0.56
316,SF,Infected,PWK,Block2,53.2,29.8,7.77,12.7,8.44,0.897,6.09,0.741,3.74,1.08,2.14,0.462,22.6,1.87,16.4,4.23,0.163,4.54,0.156,40.4,6.2,21.9,1.39,20.6,0.891,0,4.77,2.57
317,SF,Infected,PWK,Block2,56.8,36.5,6.07,17.9,12.1,0.475,4.67,0.792,3.78,0.865,1.92,0.202,19.7,0.974,14.9,3.75,0.0716,2.9,0.185,38.9,4.2,28.6,1.4,27.2,0.995,0.00105,2.74,1.19
318,SF,Infected,PWK,Block2,52.7,33.3,5.41,17.6,9.84,0.444,4.5,0.811,3.3,1.18,1.98,0.364,18.8,0.711,13.7,4.24,0.083,2.1,0.0811,43.3,3.24,31.6,1.23,30.4,0.901,0,2.52,0.969
324,SF,Infected,PWK,Block2,52.4,32.3,6.61,17.4,7.43,0.841,4.4,0.769,3.79,0.9,1.02,0.374,19.4,1.57,14.7,3.05,0.141,3.44,0.077,42.7,3.73,25.2,1.01,24.3,0.821,0.00361,3.35,1.6
360,SF,Infected,PWK,Block2,57,36.2,6.7,17.2,11.3,0.973,5.06,0.619,3.49,0.799,1.98,0.323,20,1.66,14,4.2,0.2,3.84,0.138,38.8,3.26,26.9,1.25,25.7,0.84,0,2.43,0.969
102,Lab,Uninfected,129SL,Block2,66,45.5,2.36,0.7,38.7,3.72,1.61,0.234,4.71,1.07,1.97,0.501,20.3,0.157,0.507,18.9,0.766,0.604,0.0183,30.2,0.647,25.5,0.181,25.3,1.07,0.00323,0.958,0.186
105,Lab,Uninfected,129SL,Block2,70.1,51.6,2.78,0.71,42.9,5.18,1.77,0.272,5.62,1.25,2.4,0.597,18.4,0.135,0.282,17.1,0.851,0.571,0.0246,26,0.592,21.4,0.144,21.3,0.896,0.00389,0.808,0.19
113,Lab,Uninfected,129SL,Block2,72.7,52.9,2.84,0.757,44.9,4.33,1.67,0.246,5.34,1.21,2.14,0.466,19.6,0.201,0.507,18.2,0.644,0.59,0.0127,24.4,0.598,20.8,0.118,20.7,0.831,0.00422,0.902,0.168
116,Lab,Uninfected,129SL,Block2,69.2,51.2,2.91,0.645,42.7,4.89,1.58,0.246,5.74,1.24,2.49,0.538,17.9,0.151,0.23,16.8,0.727,0.516,0.00971,27.2,0.665,22.6,0.142,22.5,0.799,0.00353,0.863,0.177
119,Lab,Uninfected,129SL,Block2,68.3,50.6,2.6,0.716,42.3,4.96,1.9,0.272,6.08,1.3,2.66,0.649,17.6,0.192,0.171,16.2,1.04,0.581,0.013,27.8,0.645,22.8,0.162,22.7,0.829,0,0.911,0.198
271,Lab,Uninfected,B6,Block2,57,32,1.88,0.466,26.1,3.63,1.72,0.233,4.01,1.01,1.46,1.17,24.3,0.434,1.29,21.3,1.31,1.36,0.0144,38,0.932,28.9,0.329,28.6,1.19,0.33,1.21,0.24
276,Lab,Uninfected,B6,Block2,57.4,30.9,2.31,0.696,24.5,3.44,1.87,0.208,4.46,1.08,1.8,1.77,25.8,0.554,1.55,22.4,1.31,1.52,0.0321,38.3,0.722,30.3,0.224,30.1,1.2,0.37,1.21,0.194
290,Lab,Uninfected,B6,Block2,61.9,33.6,2.11,0.443,26.8,4.32,1.72,0.249,4.42,0.971,1.29,1.5,27.6,0.503,1.7,24,1.42,1.52,0.015,33.3,0.821,24.4,0.259,24.1,1.24,0.344,1.31,0.188
296,Lab,Uninfected,B6,Block2,61.5,32.4,2.72,0.38,22.6,6.71,1.9,0.264,4.8,1.03,1.84,1.15,28.6,0.996,1.46,16.9,9.24,1.68,0.014,34.1,0.511,1.5,0.0397,1.47,1.35,0.427,0.936,0.128
301,Lab,Infected,PWK,Block2,72.1,48.9,3.39,9.65,31.3,4.57,1.49,0.364,4.42,0.4,1.15,0.452,22.9,0.972,11.9,9.14,0.861,1.03,0.0546,22.7,0.626,12.8,0.106,12.7,0.7,0.00269,0.756,0.11
303,Lab,Uninfected,PWK,Block2,73.5,50.5,5.24,6.03,31.5,7.82,1.75,0.56,5.57,0.537,1.4,0.473,22.6,1.73,10.1,9.35,1.37,1.3,0.061,21.4,0.687,11.8,0.11,11.7,0.871,0.00407,1.12,0.19
306,Lab,Uninfected,PWK,Block2,78.5,52.9,5.11,4.93,33,9.87,1.59,0.349,5.41,0.62,1.23,0.367,25.2,1.42,9.96,12.3,1.47,1.09,0.0181,17.5,0.572,9.77,0.0662,9.71,0.854,0.0301,0.734,0.0662
313,Lab,Uninfected,PWK,Block2,71.5,48.8,3.61,5.92,31.8,7.41,1.51,0.349,4.6,0.422,1.01,0.545,22.4,1.13,8.96,10.9,1.49,0.901,0.0242,23,0.435,8.12,0.0524,8.07,0.75,0.0121,0.738,0.0806
325,Lab,Uninfected,PWK,Block2,77.4,55,3.39,4.91,41.2,5.49,1.76,0.306,5.16,0.622,1.47,0.844,22.2,0.728,8.49,12,0.941,0.994,0.0285,18.6,0.413,12.1,0.0703,12,0.909,0.0019,0.719,0.111
101,Lab,Infected,129SL,Block2,62.5,42.7,2.7,0.823,35.6,3.63,2.59,0.412,3.94,1.28,2.94,0.468,19.5,0.191,0.206,18.3,0.73,0.805,0.0169,32.9,1.13,25.2,0.38,24.9,0.914,0,1.13,0.34
107,Lab,Infected,129SL,Block2,59.7,42.4,2.94,1.05,34.6,3.83,3.53,0.56,4.07,1.62,4.4,0.478,16.9,0.215,0.278,16,0.464,0.865,0.0119,35.6,1.85,27.5,0.616,26.9,1.1,0.00132,2.2,1.17
112,Lab,Infected,129SL,Block2,51.3,38.3,2.83,0.708,29.6,5.15,2.74,0.445,4.3,1.74,3.91,0.412,12.8,0.184,0.14,11.8,0.703,0.416,0.028,41.5,1.39,26.5,0.354,26.2,0.957,0.00112,1.12,0.252
115,Lab,Infected,129SL,Block2,56.7,41.9,2.8,0.644,33.9,4.58,2.27,0.429,4.4,1.53,2.89,0.421,14.6,0.148,0.102,13.6,0.742,0.474,0.0193,36.9,1.2,24.3,0.296,24.1,0.776,0.00296,1.06,0.28
121,Lab,Infected,129SL,Block2,49.5,35.1,3.01,0.659,26.7,4.78,3.56,0.771,4.2,1.62,4.63,0.726,14,0.435,0.212,12.5,0.892,1.01,0.14,39.5,1.38,26.8,0.371,26.5,1.57,0.00133,2.23,0.586
272,Lab,Infected,B6,Block2,46.6,24.7,2.06,0.443,19,3.19,2.76,0.729,3.25,1.05,2.77,1.93,20.9,0.526,1.19,17.5,1.61,2.32,0.133,46.6,1.07,35.2,0.368,34.9,2.21,0.453,1.98,0.401
279,Lab,Infected,B6,Block2,43.9,25.5,2.47,0.675,19.6,2.75,2.79,0.618,3.33,1.18,2.82,1.1,17.5,0.491,1.2,15,0.846,1.54,0.0412,50.6,1.57,41.1,0.697,40.5,1.51,0.39,1.77,0.612
285,Lab,Infected,B6,Block2,44.9,24.6,2.11,0.629,19,2.85,2.66,0.639,2.73,0.833,2.73,1.24,19.4,0.961,1.47,15.5,1.41,2.46,0.263,48.1,1.35,37.5,0.545,37.1,1.69,0.478,1.95,0.504
286,Lab,Infected,B6,Block2,41.9,23.2,2.05,0.452,17.3,3.38,2.75,0.779,2.7,0.927,2.83,2.49,18.1,0.499,1.09,15,1.49,1.87,0.07,50.1,1.1,34.7,0.3,34.4,1.86,0.35,1.38,0.294
295,Lab,Infected,B6,Block2,44.7,24.8,2.16,0.581,18.9,3.14,3.02,0.77,2.8,0.931,3.04,1.7,19,0.973,1.05,15.3,1.68,2.36,0.143,49,1.09,38.7,0.429,38.3,1.83,0.381,1.38,0.387
299,Lab,Infected,B6,Block2,41.2,22.4,2.75,0.733,15.7,3.29,2.79,0.637,3.16,1.13,3.11,2.02,17.9,0.511,1.61,14.6,1.13,1.74,0.0468,52.8,1.48,40.5,0.643,39.9,1.62,0.338,1.72,0.453
308,Lab,Infected,PWK,Block2,68.7,45.9,3.97,9.59,28.8,3.56,1.63,0.441,4.39,0.504,1.51,0.42,22.5,0.784,12.1,9.02,0.61,0.877,0.0303,25.9,0.912,12.8,0.23,12.5,0.741,0.00293,0.823,0.106
312,Lab,Infected,PWK,Block2,62.6,41,6.02,2.24,17.5,15.2,2.12,0.358,4.35,0.621,1.97,0.513,21.4,8.11,1.88,3.54,7.9,1.14,0.0401,30.7,0.974,1.33,0.0549,1.27,1.16,0.00423,1.41,0.2
319,Lab,Infected,PWK,Block2,47.8,29.4,5.83,1.63,19.3,2.68,2.18,0.685,3.91,0.168,2.76,0.73,17.7,0.821,5,11.2,0.625,1.06,0.0961,41.9,2.03,13.7,0.517,13.2,2.07,0.0021,6.13,0.883
323,Lab,Infected,PWK,Block2,81,55.7,3.78,7.59,40.3,4.07,1.82,0.317,4.97,0.384,1.02,0.507,25,0.785,11.8,11.8,0.586,1.05,0.0293,13.3,0.52,6.95,0.0959,6.86,0.708,0.00404,0.666,0.0696
104,SF,Uninfected,129SL,Block2,61,43.9,4.17,2.25,34.1,3.33,5.05,0.445,5.83,2.76,0.243,0.504,16.8,0.224,0.445,15.8,0.404,0.945,0.0257,33.6,1.7,26.7,0.834,25.9,1.98,0.00249,2.62,0.829
111,SF,Uninfected,129SL,Block2,67,48.9,4.57,2.18,39.3,2.89,2.86,0.548,5.67,1.31,0.222,0.406,17.9,0.152,0.425,17,0.386,0.631,0.0179,30.4,2.16,26.6,0.967,25.7,0.831,0.00489,1.13,0.23
114,SF,Uninfected,129SL,Block2,65.5,47.9,4.6,2.32,38.5,2.44,2.82,0.529,5.77,1.65,0.197,0.538,17.4,0.143,0.477,16.5,0.265,0.687,0.0188,31.8,2.74,27,1.3,25.8,0.861,0.00179,1.22,0.243
123,SF,Uninfected,129SL,Block2,68,50.7,4.5,1.66,41.2,3.31,2.24,0.344,6.13,1.12,0.3,0.32,17.2,0.167,0.312,16,0.643,0.588,0.0222,29.4,2.14,25.8,1.05,24.9,0.881,0.00101,1.11,0.237
2,SF,Uninfected,B6,Block2,51.6,29.3,4.85,2.87,20.1,1.4,2.3,1.98,4.97,0.585,0.669,1.4,21.8,0.549,2.98,17.8,0.512,1.25,0.543,45.3,5.54,41,3.29,37.9,1.39,0.247,1.13,0.318
33,SF,Uninfected,B6,Block2,59,34.4,4.31,1.48,25.9,2.73,2.56,0.786,4.72,1.3,0.678,0.804,23.8,0.402,2.09,20.3,1.06,1.46,0.0749,36.4,2.06,30.9,1.12,29.9,1.15,0.333,2.29,0.396
41,SF,Uninfected,B6,Block2,57.5,31.8,4.65,3.58,22.6,1.01,2.69,0.627,4.77,0.535,0.541,1.41,25,0.847,3.37,20.3,0.51,1.89,0.188,39.5,4.96,36.6,3.15,33.6,1.25,0.277,1.24,0.314
